finding_type,map,c,classical_kernel,grid,gamma,lam,g_gen,g_tra,admissible
mass,C4,1.0,linear,paper,,1e-05,4.709995294667137,1.3280547658946622,False
mass,C4,1.0,linear,paper,,0.0001,4.70075325995104,1.3280547663953899,False
mass,C4,1.0,linear,paper,,0.001,4.610289576374485,1.3280548127952452,False
mass,C4,1.0,linear,paper,,0.01,3.866264484865159,1.3280582405802182,False
mass,C4,1.0,linear,paper,,0.025,3.0468198438523673,1.3280698409320395,False
mass,C4,1.0,linear,paper,,0.05,2.2516511065507063,1.3280943561448915,False
mass,C4,1.0,linear,paper,,0.1,1.523723336782516,1.328147582042286,False
mass,C4,1.0,gaussian 0.25,paper,0.024787202249960935,1e-05,156.17691756784595,0.6784123916140349,False
mass,C4,1.0,gaussian 0.25,paper,0.024787202249960935,0.0001,50.95244771468439,0.9410199725771656,False
mass,C4,1.0,gaussian 0.25,paper,0.024787202249960935,0.001,16.96952359161324,0.9942583784427199,False
mass,C4,1.0,gaussian 0.25,paper,0.024787202249960935,0.01,5.423487530187342,1.0967253800698653,False
mass,C4,1.0,gaussian 0.25,paper,0.024787202249960935,0.025,3.4535723982038733,1.1445758716537493,False
mass,C4,1.0,gaussian 0.25,paper,0.024787202249960935,0.05,2.43709522595619,1.1776141884677105,False
mass,C4,1.0,gaussian 0.25,paper,0.024787202249960935,0.1,1.709045065482485,1.2061735400729006,False
mass,C4,1.0,gaussian 0.5,paper,0.04957440449992187,1e-05,124.11474780403755,0.20134672744616336,False
mass,C4,1.0,gaussian 0.5,paper,0.04957440449992187,0.0001,49.52779591575081,0.7006351132790704,False
mass,C4,1.0,gaussian 0.5,paper,0.04957440449992187,0.001,16.373662781824272,0.9441582856632683,False
mass,C4,1.0,gaussian 0.5,paper,0.04957440449992187,0.01,5.531294929732846,0.9976084963652002,False
mass,C4,1.0,gaussian 0.5,paper,0.04957440449992187,0.025,3.542519351905754,1.038090702034924,False
mass,C4,1.0,gaussian 0.5,paper,0.04957440449992187,0.05,2.4965940373221835,1.0835131919634946,False
mass,C4,1.0,gaussian 0.5,paper,0.04957440449992187,0.1,1.7477579811590567,1.126938014712112,False
mass,C4,1.0,gaussian 1,paper,0.09914880899984374,1e-05,54.707579534849316,0.03736176608744299,True
mass,C4,1.0,gaussian 1,paper,0.09914880899984374,0.0001,42.2745435843722,0.24586295237908282,False
mass,C4,1.0,gaussian 1,paper,0.09914880899984374,0.001,15.691145091720214,0.7508119456051611,False
mass,C4,1.0,gaussian 1,paper,0.09914880899984374,0.01,5.390206710819079,0.9528095436573817,False
mass,C4,1.0,gaussian 1,paper,0.09914880899984374,0.025,3.5246778506626417,0.9774483998430661,False
mass,C4,1.0,gaussian 1,paper,0.09914880899984374,0.05,2.522929661842657,0.9918453976524614,False
mass,C4,1.0,gaussian 1,paper,0.09914880899984374,0.1,1.805696558350976,1.007400469657357,False
mass,C4,1.0,gaussian 2,paper,0.19829761799968748,1e-05,23.13000420041261,0.006949362541947592,True
mass,C4,1.0,gaussian 2,paper,0.19829761799968748,0.0001,21.987649881173603,0.06254022955459704,False
mass,C4,1.0,gaussian 2,paper,0.19829761799968748,0.001,14.740407125329478,0.35464467570079966,False
mass,C4,1.0,gaussian 2,paper,0.19829761799968748,0.01,4.940213763043087,0.8248916770186537,False
mass,C4,1.0,gaussian 2,paper,0.19829761799968748,0.025,3.2730496124661315,0.9083657001118829,False
mass,C4,1.0,gaussian 2,paper,0.19829761799968748,0.05,2.4483309004564435,0.9436539388796561,False
mass,C4,1.0,gaussian 2,paper,0.19829761799968748,0.1,1.8051969338144358,0.9656615476161043,False
mass,C4,1.0,gaussian 4,paper,0.39659523599937496,1e-05,10.525029796608269,0.0015311126795702539,True
mass,C4,1.0,gaussian 4,paper,0.39659523599937496,0.0001,10.411932129993373,0.014896918029076705,True
mass,C4,1.0,gaussian 4,paper,0.39659523599937496,0.001,9.402032591371576,0.11751390984616557,False
mass,C4,1.0,gaussian 4,paper,0.39659523599937496,0.01,4.867257119371194,0.5244707956391526,False
mass,C4,1.0,gaussian 4,paper,0.39659523599937496,0.025,3.149698192144731,0.7203977724205539,False
mass,C4,1.0,gaussian 4,paper,0.39659523599937496,0.05,2.2108953891585603,0.8236490571183004,False
mass,C4,1.0,gaussian 4,paper,0.39659523599937496,0.1,1.658590074801822,0.8892529996999509,False
mass,C4,1.0,gaussian 8,paper,0.7931904719987499,1e-05,5.291476697315084,0.00043643066062413484,True
mass,C4,1.0,gaussian 8,paper,0.7931904719987499,0.0001,5.2768659134699165,0.004326559432028043,True
mass,C4,1.0,gaussian 8,paper,0.7931904719987499,0.001,5.135087772428751,0.03982551255802277,True
mass,C4,1.0,gaussian 8,paper,0.7931904719987499,0.01,4.048427067556644,0.22456562663914095,False
mass,C4,1.0,gaussian 8,paper,0.7931904719987499,0.025,2.9979577879465786,0.41484197030051395,False
mass,C4,1.0,gaussian 8,paper,0.7931904719987499,0.05,2.195351824758307,0.578255817885039,False
mass,C4,1.0,gaussian 8,paper,0.7931904719987499,0.1,1.5695713344060842,0.7202876135633194,False
mass,C4,1.0,gaussian 16,paper,1.5863809439974998,1e-05,3.0147739773238564,0.00016535851918541075,True
mass,C4,1.0,gaussian 16,paper,1.5863809439974998,0.0001,3.0120338601296672,0.001647833114447455,True
mass,C4,1.0,gaussian 16,paper,1.5863809439974998,0.001,2.984905784189141,0.01592445824952319,True
mass,C4,1.0,gaussian 16,paper,1.5863809439974998,0.01,2.738341282974033,0.11922561224286814,False
mass,C4,1.0,gaussian 16,paper,1.5863809439974998,0.025,2.4071052094596754,0.21036118391063702,False
mass,C4,1.0,gaussian 16,paper,1.5863809439974998,0.05,2.003678898402944,0.31836440928077514,False
mass,C4,1.0,gaussian 16,paper,1.5863809439974998,0.1,1.509850322365324,0.47668006143302044,False
mass,C4,1.0,gaussian 32,paper,3.1727618879949997,1e-05,2.0012465885073807,7.768997398895054e-05,True
mass,C4,1.0,gaussian 32,paper,3.1727618879949997,0.0001,2.00043930124878,0.0007756088113827413,True
mass,C4,1.0,gaussian 32,paper,3.1727618879949997,0.001,1.9924026500797187,0.007629317916282661,True
mass,C4,1.0,gaussian 32,paper,3.1727618879949997,0.01,1.9154714470011636,0.06557647375335207,False
mass,C4,1.0,gaussian 32,paper,3.1727618879949997,0.025,1.7996776512130177,0.13285132666200714,False
mass,C4,1.0,gaussian 32,paper,3.1727618879949997,0.05,1.6349735227944093,0.20193339167024665,False
mass,C4,1.0,gaussian 32,paper,3.1727618879949997,0.1,1.3820859857196943,0.29256315233544233,False
mass,C4,1.0,gaussian 64,paper,6.345523775989999,1e-05,1.4673210338276648,3.968783789007012e-05,True
mass,C4,1.0,gaussian 64,paper,6.345523775989999,0.0001,1.467002553076658,0.00039654071516491554,True
mass,C4,1.0,gaussian 64,paper,6.345523775989999,0.001,1.4638253818900633,0.00393195437162619,True
mass,C4,1.0,gaussian 64,paper,6.345523775989999,0.01,1.4327976874835349,0.0362607659320126,True
mass,C4,1.0,gaussian 64,paper,6.345523775989999,0.025,1.3839145045180148,0.08024932708183458,False
mass,C4,1.0,gaussian 64,paper,6.345523775989999,0.05,1.3094666946393207,0.13473930929593383,False
mass,C4,1.0,gaussian 64,paper,6.345523775989999,0.1,1.2035396127561384,0.20404739107369996,False
mass,C4,1.0,gaussian 128,extended,12.691047551979999,1e-05,1.3390746796998176,2.0960253040860295e-05,True
mass,C4,1.0,gaussian 128,extended,12.691047551979999,0.0001,1.3389553437955053,0.00020950848406788185,True
mass,C4,1.0,gaussian 128,extended,12.691047551979999,0.001,1.3377631658424909,0.0020857265672305047,True
mass,C4,1.0,gaussian 128,extended,12.691047551979999,0.01,1.3259582722554324,0.019965596205477096,True
mass,C4,1.0,gaussian 128,extended,12.691047551979999,0.025,1.3067438529250046,0.04659544265492681,False
mass,C4,1.0,gaussian 128,extended,12.691047551979999,0.05,1.2759379047910848,0.08390184209132567,False
mass,C4,1.0,gaussian 128,extended,12.691047551979999,0.1,1.2185177426694074,0.13996470803625707,False
mass,C4,1.0,gaussian 256,extended,25.382095103959998,1e-05,1.3460736211616493,1.3443171551642908e-05,True
mass,C4,1.0,gaussian 256,extended,25.382095103959998,0.0001,1.3459529016699756,0.00013441963325310397,True
mass,C4,1.0,gaussian 256,extended,25.382095103959998,0.001,1.3447469008881827,0.001342989310480005,True
mass,C4,1.0,gaussian 256,extended,25.382095103959998,0.01,1.3328051276492794,0.013310381913305558,True
mass,C4,1.0,gaussian 256,extended,25.382095103959998,0.025,1.3133683053671632,0.0327897050815333,True
mass,C4,1.0,gaussian 256,extended,25.382095103959998,0.05,1.2822081178421882,0.06402046568899847,False
mass,C4,1.0,gaussian 256,extended,25.382095103959998,0.1,1.2241392984746642,0.12223053905901181,False
mass,C4,1.0,gaussian 512,extended,50.764190207919995,1e-05,1.3479384931277383,1.3468028452142466e-05,True
mass,C4,1.0,gaussian 512,extended,50.764190207919995,0.0001,1.3478175397116252,0.0001346681731854861,True
mass,C4,1.0,gaussian 512,extended,50.764190207919995,0.001,1.3466092047359857,0.0013454717960794235,True
mass,C4,1.0,gaussian 512,extended,50.764190207919995,0.01,1.3346445899196304,0.013334910353679778,True
mass,C4,1.0,gaussian 512,extended,50.764190207919995,0.025,1.3151716737330752,0.03284976600059825,True
mass,C4,1.0,gaussian 512,extended,50.764190207919995,0.05,1.2839565756576716,0.06413640465884994,False
mass,C4,1.0,gaussian 512,extended,50.764190207919995,0.1,1.2257961158877575,0.12244660410173912,False
mass,C4,1.0,gaussian D-027,D-027,0.03222015570183491,1e-05,155.14551371779822,0.4833247712839768,False
mass,C4,1.0,gaussian D-027,D-027,0.03222015570183491,0.0001,49.79310984239883,0.8885576423627287,False
mass,C4,1.0,gaussian D-027,D-027,0.03222015570183491,0.001,17.013028478614924,0.9797021835700083,False
mass,C4,1.0,gaussian D-027,D-027,0.03222015570183491,0.01,5.56753693448639,1.0562833363783282,False
mass,C4,1.0,gaussian D-027,D-027,0.03222015570183491,0.025,3.453229191113681,1.1087767763203462,False
mass,C4,1.0,gaussian D-027,D-027,0.03222015570183491,0.05,2.449171139090631,1.146653216674643,False
mass,C4,1.0,gaussian D-027,D-027,0.03222015570183491,0.1,1.7197087579854569,1.1811185665209212,False
mass,C4,1.0,gaussian D-027,D-027,0.03222015570183491,0.0,305.8704638924253,0.0,False
mass,C4,0.5,linear,paper,,1e-05,4.738858814563404,1.6911035050886207,False
mass,C4,0.5,linear,paper,,0.0001,4.729561317468887,1.6911035072997498,False
mass,C4,0.5,linear,paper,,0.001,4.63855495810456,1.6911037164642282,False
mass,C4,0.5,linear,paper,,0.01,3.890080507724083,1.6911189420160149,False
mass,C4,0.5,linear,paper,,0.025,3.0657919594496805,1.6911681362560427,False
mass,C4,0.5,linear,paper,,0.05,2.2661490247658014,1.6912626237128567,False
mass,C4,0.5,linear,paper,,0.1,1.5411854861162197,1.6914346284573627,False
mass,C4,0.5,gaussian 0.25,paper,0.024787202249960935,1e-05,154.13301226414748,0.6519053526898247,False
mass,C4,0.5,gaussian 0.25,paper,0.024787202249960935,0.0001,50.486859150316604,0.9163845390711222,False
mass,C4,0.5,gaussian 0.25,paper,0.024787202249960935,0.001,16.877790367819077,0.995431890963837,False
mass,C4,0.5,gaussian 0.25,paper,0.024787202249960935,0.01,5.3728353969792355,1.08353229671184,False
mass,C4,0.5,gaussian 0.25,paper,0.024787202249960935,0.025,3.536398463668807,1.1293180991310512,False
mass,C4,0.5,gaussian 0.25,paper,0.024787202249960935,0.05,2.513584999279557,1.1611348044831726,False
mass,C4,0.5,gaussian 0.25,paper,0.024787202249960935,0.1,1.7820306457231634,1.1887207074929271,False
mass,C4,0.5,gaussian 0.5,paper,0.04957440449992187,1e-05,118.34917361307039,0.18875290521398164,False
mass,C4,0.5,gaussian 0.5,paper,0.04957440449992187,0.0001,48.70509226671883,0.6679109570061719,False
mass,C4,0.5,gaussian 0.5,paper,0.04957440449992187,0.001,16.148402292054474,0.9176714617198193,False
mass,C4,0.5,gaussian 0.5,paper,0.04957440449992187,0.01,5.4879587184030525,0.9975939485381656,False
mass,C4,0.5,gaussian 0.5,paper,0.04957440449992187,0.025,3.4962638068910272,1.0276959800068486,False
mass,C4,0.5,gaussian 0.5,paper,0.04957440449992187,0.05,2.4671105288000605,1.0707359146455302,False
mass,C4,0.5,gaussian 0.5,paper,0.04957440449992187,0.1,1.7738848196555626,1.1125538521251295,False
mass,C4,0.5,gaussian 1,paper,0.09914880899984374,1e-05,51.52150257989107,0.03408800073930059,True
mass,C4,0.5,gaussian 1,paper,0.09914880899984374,0.0001,39.954230417973676,0.2309772276771037,False
mass,C4,0.5,gaussian 1,paper,0.09914880899984374,0.001,15.418410942072503,0.7097874383455427,False
mass,C4,0.5,gaussian 1,paper,0.09914880899984374,0.01,5.339130305785816,0.9242196610322015,False
mass,C4,0.5,gaussian 1,paper,0.09914880899984374,0.025,3.4777585752780484,0.9596569258705829,False
mass,C4,0.5,gaussian 1,paper,0.09914880899984374,0.05,2.4925674045095536,0.9832453900266043,False
mass,C4,0.5,gaussian 1,paper,0.09914880899984374,0.1,1.7803103270829301,1.0045974807615214,False
mass,C4,0.5,gaussian 2,paper,0.19829761799968748,1e-05,21.410245937873345,0.0063099626379988435,True
mass,C4,0.5,gaussian 2,paper,0.19829761799968748,0.0001,20.366795832507794,0.05678312951379289,False
mass,C4,0.5,gaussian 2,paper,0.19829761799968748,0.001,13.812239984672823,0.3276253034538192,False
mass,C4,0.5,gaussian 2,paper,0.19829761799968748,0.01,4.87745308532972,0.772932683995253,False
mass,C4,0.5,gaussian 2,paper,0.19829761799968748,0.025,3.1782641904896582,0.8636267435656315,False
mass,C4,0.5,gaussian 2,paper,0.19829761799968748,0.05,2.4216115175167627,0.9084862627736721,False
mass,C4,0.5,gaussian 2,paper,0.19829761799968748,0.1,1.7835206866350395,0.9393783000588561,False
mass,C4,0.5,gaussian 4,paper,0.39659523599937496,1e-05,9.583446923172927,0.0013770679261071814,True
mass,C4,0.5,gaussian 4,paper,0.39659523599937496,0.0001,9.481449097972748,0.013398806101018852,True
mass,C4,0.5,gaussian 4,paper,0.39659523599937496,0.001,8.572139480062804,0.10575390598749872,False
mass,C4,0.5,gaussian 4,paper,0.39659523599937496,0.01,4.671459030885687,0.4774422070695386,False
mass,C4,0.5,gaussian 4,paper,0.39659523599937496,0.025,3.0584761145798725,0.6589027955863433,False
mass,C4,0.5,gaussian 4,paper,0.39659523599937496,0.05,2.1779536256096788,0.760456689261011,False
mass,C4,0.5,gaussian 4,paper,0.39659523599937496,0.1,1.6141939588128285,0.8359635588776384,False
mass,C4,0.5,gaussian 8,paper,0.7931904719987499,1e-05,4.765888408629685,0.0003880098496455066,True
mass,C4,0.5,gaussian 8,paper,0.7931904719987499,0.0001,4.7528140248935,0.003846595609903441,True
mass,C4,0.5,gaussian 8,paper,0.7931904719987499,0.001,4.626001363016753,0.035412929654265644,True
mass,C4,0.5,gaussian 8,paper,0.7931904719987499,0.01,3.6581533480152357,0.20197968723002205,False
mass,C4,0.5,gaussian 8,paper,0.7931904719987499,0.025,2.7568079202818696,0.37325309478141544,False
mass,C4,0.5,gaussian 8,paper,0.7931904719987499,0.05,2.119957015822369,0.5209267932724385,False
mass,C4,0.5,gaussian 8,paper,0.7931904719987499,0.1,1.5229615644042307,0.6508890772469118,False
mass,C4,0.5,gaussian 16,paper,1.5863809439974998,1e-05,2.6861337369754237,0.00014569594524167144,True
mass,C4,0.5,gaussian 16,paper,1.5863809439974998,0.0001,2.683697792227852,0.0014518942337989303,True
mass,C4,0.5,gaussian 16,paper,1.5863809439974998,0.001,2.6595859051422663,0.014031213483594008,True
mass,C4,0.5,gaussian 16,paper,1.5863809439974998,0.01,2.440635687273807,0.10507694824288522,False
mass,C4,0.5,gaussian 16,paper,1.5863809439974998,0.025,2.1470707619081923,0.18551865163246495,False
mass,C4,0.5,gaussian 16,paper,1.5863809439974998,0.05,1.7930963269013998,0.28346484263038313,False
mass,C4,0.5,gaussian 16,paper,1.5863809439974998,0.1,1.4174103947859256,0.4245380324016907,False
mass,C4,0.5,gaussian 32,paper,3.1727618879949997,1e-05,1.7765157068871582,6.821020314514747e-05,True
mass,C4,0.5,gaussian 32,paper,3.1727618879949997,0.0001,1.77579960487953,0.0006809687535576506,True
mass,C4,0.5,gaussian 32,paper,3.1727618879949997,0.001,1.7686712253989023,0.00669839888219445,True
mass,C4,0.5,gaussian 32,paper,3.1727618879949997,0.01,1.7004601801213453,0.057576153659634546,False
mass,C4,0.5,gaussian 32,paper,3.1727618879949997,0.025,1.5978499178726375,0.11664868387975742,False
mass,C4,0.5,gaussian 32,paper,3.1727618879949997,0.05,1.4823619752167134,0.17732449620733992,False
mass,C4,0.5,gaussian 32,paper,3.1727618879949997,0.1,1.4221223897359725,0.2596226507735613,False
mass,C4,0.5,gaussian 64,paper,6.345523775989999,1e-05,1.656263531688296,3.4823624632566755e-05,True
mass,C4,0.5,gaussian 64,paper,6.345523775989999,0.0001,1.6561200900283464,0.0003479400384792257,True
mass,C4,0.5,gaussian 64,paper,6.345523775989999,0.001,1.6546870666706501,0.00345005473199193,True
mass,C4,0.5,gaussian 64,paper,6.345523775989999,0.01,1.6404947865435922,0.03181734435157131,True
mass,C4,0.5,gaussian 64,paper,6.345523775989999,0.025,1.617384939950162,0.07041841537481845,False
mass,C4,0.5,gaussian 64,paper,6.345523775989999,0.05,1.5803097066592164,0.11824313639667486,False
mass,C4,0.5,gaussian 64,paper,6.345523775989999,0.1,1.5111264379491782,0.17911218620857697,False
mass,C4,0.5,gaussian 128,extended,12.691047551979999,1e-05,1.6893679272563091,1.840132155954949e-05,True
mass,C4,0.5,gaussian 128,extended,12.691047551979999,0.0001,1.6892178084488778,0.00018393084192620628,True
mass,C4,0.5,gaussian 128,extended,12.691047551979999,0.001,1.687718096490005,0.0018311118117607082,True
mass,C4,0.5,gaussian 128,extended,12.691047551979999,0.01,1.672867135053116,0.017530293874879515,True
mass,C4,0.5,gaussian 128,extended,12.691047551979999,0.025,1.6486917897014532,0.04098441382143476,True
mass,C4,0.5,gaussian 128,extended,12.691047551979999,0.05,1.6099258952527051,0.08003301644649347,False
mass,C4,0.5,gaussian 128,extended,12.691047551979999,0.1,1.5376516454516944,0.15284856202984426,False
mass,C4,0.5,gaussian 256,extended,25.382095103959998,1e-05,1.699125398706438,1.695635373571279e-05,True
mass,C4,0.5,gaussian 256,extended,25.382095103959998,0.0001,1.6989732340730157,0.00016954832029963656,True
mass,C4,0.5,gaussian 256,extended,25.382095103959998,0.001,1.6974530908530672,0.0016939629998787178,True
mass,C4,0.5,gaussian 256,extended,25.382095103959998,0.01,1.6824004851465721,0.016789097472582365,True
mass,C4,0.5,gaussian 256,extended,25.382095103959998,0.025,1.6578995380624348,0.04136018829355945,True
mass,C4,0.5,gaussian 256,extended,25.382095103959998,0.05,1.6186184618922494,0.08075619159226573,False
mass,C4,0.5,gaussian 256,extended,25.382095103959998,0.1,1.5454069949510831,0.154190533175052,False
mass,C4,0.5,gaussian 512,extended,50.764190207919995,1e-05,1.7021189546283662,1.699880121093034e-05,True
mass,C4,0.5,gaussian 512,extended,50.764190207919995,0.0001,1.7019662829353226,0.0001699727383866474,True
mass,C4,0.5,gaussian 512,extended,50.764190207919995,0.001,1.7004410755235286,0.0016982015213937262,True
mass,C4,0.5,gaussian 512,extended,50.764190207919995,0.01,1.6853384603038626,0.01683092382930629,True
mass,C4,0.5,gaussian 512,extended,50.764190207919995,0.025,1.660756640618014,0.04146249502998344,True
mass,C4,0.5,gaussian 512,extended,50.764190207919995,0.05,1.6213472504622868,0.0809536388469187,False
mass,C4,0.5,gaussian 512,extended,50.764190207919995,0.1,1.547900930411809,0.15455923027038446,False
mass,C4,0.5,gaussian D-027,D-027,0.03222015570183491,1e-05,150.3902891535902,0.46232828968977885,False
mass,C4,0.5,gaussian D-027,D-027,0.03222015570183491,0.0001,49.562248101328315,0.8574167654373267,False
mass,C4,0.5,gaussian D-027,D-027,0.03222015570183491,0.001,16.83517259336839,0.9714341608340189,False
mass,C4,0.5,gaussian D-027,D-027,0.03222015570183491,0.01,5.515174982505727,1.0455111923422287,False
mass,C4,0.5,gaussian D-027,D-027,0.03222015570183491,0.025,3.455929227119899,1.095089149697619,False
mass,C4,0.5,gaussian D-027,D-027,0.03222015570183491,0.05,2.5138599343387606,1.1313384969808997,False
mass,C4,0.5,gaussian D-027,D-027,0.03222015570183491,0.1,1.7816812288915023,1.1643652173286791,False
mass,C4,0.5,gaussian D-027,D-027,0.03222015570183491,0.0,292.62362978127453,0.0,False
mass,C4,0.2,linear,paper,,1e-05,4.880599713033236,3.0050102426904255,False
mass,C4,0.2,linear,paper,,0.0001,4.871039709979781,3.005010245083925,False
mass,C4,0.2,linear,paper,,0.001,4.777466114651157,3.005010469265049,False
mass,C4,0.2,linear,paper,,0.01,4.008055956438065,3.005027260119181,False
mass,C4,0.2,linear,paper,,0.025,3.161426358084967,3.0050840479281935,False
mass,C4,0.2,linear,paper,,0.05,2.3428679174276414,3.0052012057968813,False
mass,C4,0.2,linear,paper,,0.1,1.6501684048863319,3.0054422787729664,False
mass,C4,0.2,gaussian 0.25,paper,0.024787202249960935,1e-05,145.65607269628902,0.5358749611223187,False
mass,C4,0.2,gaussian 0.25,paper,0.024787202249960935,0.0001,51.89001344223675,0.8400071464745829,False
mass,C4,0.2,gaussian 0.25,paper,0.024787202249960935,0.001,17.88781004222166,1.005050966876772,False
mass,C4,0.2,gaussian 0.25,paper,0.024787202249960935,0.01,6.111750179811718,1.1591481619969142,False
mass,C4,0.2,gaussian 0.25,paper,0.024787202249960935,0.025,3.95810604985267,1.205736837372453,False
mass,C4,0.2,gaussian 0.25,paper,0.024787202249960935,0.05,2.8962704546777633,1.2394557259809653,False
mass,C4,0.2,gaussian 0.25,paper,0.024787202249960935,0.1,2.0870531019404677,1.27510611683618,False
mass,C4,0.2,gaussian 0.5,paper,0.04957440449992187,1e-05,96.12392105470356,0.15021408202509803,False
mass,C4,0.2,gaussian 0.5,paper,0.04957440449992187,0.0001,45.89960248866457,0.5404822872007486,False
mass,C4,0.2,gaussian 0.5,paper,0.04957440449992187,0.001,16.68808592495535,0.8364405935180337,False
mass,C4,0.2,gaussian 0.5,paper,0.04957440449992187,0.01,5.8125533673445275,1.0098061040328998,False
mass,C4,0.2,gaussian 0.5,paper,0.04957440449992187,0.025,3.8309923450806216,1.0819570323457108,False
mass,C4,0.2,gaussian 0.5,paper,0.04957440449992187,0.05,2.776518745362028,1.130076701720513,False
mass,C4,0.2,gaussian 0.5,paper,0.04957440449992187,0.1,2.0074465048308796,1.1730283293557326,False
mass,C4,0.2,gaussian 1,paper,0.09914880899984374,1e-05,40.546421715457804,0.023839910188563483,True
mass,C4,0.2,gaussian 1,paper,0.09914880899984374,0.0001,31.866260316116726,0.17987441449966557,False
mass,C4,0.2,gaussian 1,paper,0.09914880899984374,0.001,14.425497428772475,0.5656521914600854,False
mass,C4,0.2,gaussian 1,paper,0.09914880899984374,0.01,5.3941683043061115,0.8311247827644894,False
mass,C4,0.2,gaussian 1,paper,0.09914880899984374,0.025,3.5488680867662628,0.9059607545112501,False
mass,C4,0.2,gaussian 1,paper,0.09914880899984374,0.05,2.5992826568818237,0.9603726235981038,False
mass,C4,0.2,gaussian 1,paper,0.09914880899984374,0.1,1.9269959970171975,1.0231721675794858,False
mass,C4,0.2,gaussian 2,paper,0.19829761799968748,1e-05,16.27440023719341,0.0042276014238135625,True
mass,C4,0.2,gaussian 2,paper,0.19829761799968748,0.0001,15.527003202493953,0.03821369218036327,True
mass,C4,0.2,gaussian 2,paper,0.19829761799968748,0.001,10.83387134597537,0.24636379908268974,False
mass,C4,0.2,gaussian 2,paper,0.19829761799968748,0.01,4.606000131497645,0.6061864223186932,False
mass,C4,0.2,gaussian 2,paper,0.19829761799968748,0.025,3.1738462739671562,0.7052298805614351,False
mass,C4,0.2,gaussian 2,paper,0.19829761799968748,0.05,2.40870964877062,0.7712633186915984,False
mass,C4,0.2,gaussian 2,paper,0.19829761799968748,0.1,1.7987229099505502,0.8409746759507764,False
mass,C4,0.2,gaussian 4,paper,0.39659523599937496,1e-05,6.976516189901196,0.000866494557589075,True
mass,C4,0.2,gaussian 4,paper,0.39659523599937496,0.0001,6.90945909076567,0.008438502933628772,True
mass,C4,0.2,gaussian 4,paper,0.39659523599937496,0.001,6.311873535665516,0.06730261010312354,False
mass,C4,0.2,gaussian 4,paper,0.39659523599937496,0.01,3.6625544255822446,0.3472630662280092,False
mass,C4,0.2,gaussian 4,paper,0.39659523599937496,0.025,2.62540356689411,0.49348238056446897,False
mass,C4,0.2,gaussian 4,paper,0.39659523599937496,0.05,2.0670549761308163,0.5817008983405427,False
mass,C4,0.2,gaussian 4,paper,0.39659523599937496,0.1,1.6026758588852865,0.6534247340848062,False
mass,C4,0.2,gaussian 8,paper,0.7931904719987499,1e-05,3.3427327476477404,0.00023023794180762226,True
mass,C4,0.2,gaussian 8,paper,0.7931904719987499,0.0001,3.3347283316534893,0.002282780131709619,True
mass,C4,0.2,gaussian 8,paper,0.7931904719987499,0.001,3.2571132302045247,0.02104362123407471,True
mass,C4,0.2,gaussian 8,paper,0.7931904719987499,0.01,2.6632414514023197,0.13690894995909608,False
mass,C4,0.2,gaussian 8,paper,0.7931904719987499,0.025,2.0815657765492563,0.25757546463876646,False
mass,C4,0.2,gaussian 8,paper,0.7931904719987499,0.05,1.6388666573789223,0.36837221232811324,False
mass,C4,0.2,gaussian 8,paper,0.7931904719987499,0.1,1.5371706753957892,0.4746267885021478,False
mass,C4,0.2,gaussian 16,paper,1.5863809439974998,1e-05,2.220180204037739,8.435889426670524e-05,True
mass,C4,0.2,gaussian 16,paper,1.5863809439974998,0.0001,2.220028670045863,0.0008406583060251388,True
mass,C4,0.2,gaussian 16,paper,1.5863809439974998,0.001,2.2185251849316936,0.008124402067231138,True
mass,C4,0.2,gaussian 16,paper,1.5863809439974998,0.01,2.204167481848418,0.06086772420513256,False
mass,C4,0.2,gaussian 16,paper,1.5863809439974998,0.025,2.1814577191209534,0.1076930202242129,False
mass,C4,0.2,gaussian 16,paper,1.5863809439974998,0.05,2.1454182022268085,0.17994061012402984,False
mass,C4,0.2,gaussian 16,paper,1.5863809439974998,0.1,2.0783162751172704,0.27674977760629654,False
mass,C4,0.2,gaussian 32,paper,3.1727618879949997,1e-05,2.70413495294108,3.976790361746378e-05,True
mass,C4,0.2,gaussian 32,paper,3.1727618879949997,0.0001,2.7039271724900122,0.0003970193490951311,True
mass,C4,0.2,gaussian 32,paper,3.1727618879949997,0.001,2.7018513720464514,0.003905413698584557,True
mass,C4,0.2,gaussian 32,paper,3.1727618879949997,0.01,2.6812893924119274,0.03358003778524679,True
mass,C4,0.2,gaussian 32,paper,3.1727618879949997,0.025,2.6477785416940054,0.06811732747755479,False
mass,C4,0.2,gaussian 32,paper,3.1727618879949997,0.05,2.5939092038958522,0.1200952831740822,False
mass,C4,0.2,gaussian 32,paper,3.1727618879949997,0.1,2.4929616605548244,0.23017726112415798,False
mass,C4,0.2,gaussian 64,paper,6.345523775989999,1e-05,2.9317849630185,2.8613618597100866e-05,True
mass,C4,0.2,gaussian 64,paper,6.345523775989999,0.0001,2.9315341803695154,0.0002861112757141186,True
mass,C4,0.2,gaussian 64,paper,6.345523775989999,0.001,2.9290287604619025,0.0028586244983910287,True
mass,C4,0.2,gaussian 64,paper,6.345523775989999,0.01,2.904212839016699,0.02834007357856376,True
mass,C4,0.2,gaussian 64,paper,6.345523775989999,0.025,2.8637924314151397,0.06984944263537594,False
mass,C4,0.2,gaussian 64,paper,6.345523775989999,0.05,2.798914218860737,0.13649040383477357,False
mass,C4,0.2,gaussian 64,paper,6.345523775989999,0.1,2.6777403723915394,0.2610082908698647,False
mass,C4,0.2,gaussian 128,extended,12.691047551979999,1e-05,3.0020225211999327,2.9791187884225362e-05,True
mass,C4,0.2,gaussian 128,extended,12.691047551979999,0.0001,3.001756606124724,0.00029788539178312077,True
mass,C4,0.2,gaussian 128,extended,12.691047551979999,0.001,2.9991000582271066,0.002976207811915179,True
mass,C4,0.2,gaussian 128,extended,12.691047551979999,0.01,2.9727923068691258,0.029500041724115255,True
mass,C4,0.2,gaussian 128,extended,12.691047551979999,0.025,2.9299622476384966,0.07268365517330243,False
mass,C4,0.2,gaussian 128,extended,12.691047551979999,0.05,2.861270725421868,0.14194684429547474,False
mass,C4,0.2,gaussian 128,extended,12.691047551979999,0.1,2.7331620090729443,0.2711373232597287,False
mass,C4,0.2,gaussian 256,extended,25.382095103959998,1e-05,3.022337692959887,3.0147339726654677e-05,True
mass,C4,0.2,gaussian 256,extended,25.382095103959998,0.0001,3.022067124704038,0.000301446369413229,True
mass,C4,0.2,gaussian 256,extended,25.382095103959998,0.001,3.0193641100200455,0.0030117635752280065,True
mass,C4,0.2,gaussian 256,extended,25.382095103959998,0.01,2.9925981171292375,0.029850263960145593,True
mass,C4,0.2,gaussian 256,extended,25.382095103959998,0.025,2.949029542231009,0.07353763169207773,False
mass,C4,0.2,gaussian 256,extended,25.382095103959998,0.05,2.879173334697148,0.1435863286080445,False
mass,C4,0.2,gaussian 256,extended,25.382095103959998,0.1,2.7489591457967606,0.2741661790203071,False
mass,C4,0.2,gaussian 512,extended,50.764190207919995,1e-05,3.0279058477754157,3.0240894519202012e-05,True
mass,C4,0.2,gaussian 512,extended,50.764190207919995,0.0001,3.0276340821152155,0.00030238177926170514,True
mass,C4,0.2,gaussian 512,extended,50.764190207919995,0.001,3.024919109721921,0.003021103883700832,True
mass,C4,0.2,gaussian 512,extended,50.764190207919995,0.01,2.9980351534596537,0.029942305526236154,True
mass,C4,0.2,gaussian 512,extended,50.764190207919995,0.025,2.9542763001414007,0.07376223417176864,False
mass,C4,0.2,gaussian 512,extended,50.764190207919995,0.05,2.884119540323704,0.14401809634463977,False
mass,C4,0.2,gaussian 512,extended,50.764190207919995,0.1,2.7533602539848356,0.2749660734923602,False
mass,C4,0.2,gaussian D-027,D-027,0.03222015570183491,1e-05,132.74531366691266,0.37239935507072774,False
mass,C4,0.2,gaussian D-027,D-027,0.03222015570183491,0.0001,49.98139051371785,0.7479807902805417,False
mass,C4,0.2,gaussian D-027,D-027,0.03222015570183491,0.001,17.442390457012575,0.9449651676369427,False
mass,C4,0.2,gaussian D-027,D-027,0.03222015570183491,0.01,6.034483175433891,1.1108760265773305,False
mass,C4,0.2,gaussian D-027,D-027,0.03222015570183491,0.025,3.9244122670132295,1.1658465820930288,False
mass,C4,0.2,gaussian D-027,D-027,0.03222015570183491,0.05,2.82085846021748,1.2028152397277394,False
mass,C4,0.2,gaussian D-027,D-027,0.03222015570183491,0.1,2.0789031359466654,1.2383819850765123,False
mass,C4,0.2,gaussian D-027,D-027,0.03222015570183491,0.0,236.8731248619434,0.0,False
mass,C4,0.1,linear,paper,,1e-05,5.163186407758581,4.549409060151211,False
mass,C4,0.1,linear,paper,,0.0001,5.153148333232945,4.549409068984245,False
mass,C4,0.1,linear,paper,,0.001,5.054906898044067,4.549409909081189,False
mass,C4,0.1,linear,paper,,0.01,4.247951979472508,4.5494703004355905,False
mass,C4,0.1,linear,paper,,0.025,3.3631779159298056,4.549657865099033,False
mass,C4,0.1,linear,paper,,0.05,2.518856247413624,4.549994796998588,False
mass,C4,0.1,linear,paper,,0.1,1.9133276995456452,4.550563432206805,False
mass,C4,0.1,gaussian 0.25,paper,0.024787202249960935,1e-05,127.4566351699109,0.4099209220716954,False
mass,C4,0.1,gaussian 0.25,paper,0.024787202249960935,0.0001,49.31074227969399,0.7297276811266701,False
mass,C4,0.1,gaussian 0.25,paper,0.024787202249960935,0.001,17.589200707878508,0.9715422871502964,False
mass,C4,0.1,gaussian 0.25,paper,0.024787202249960935,0.01,6.360073597049952,1.1619813201794755,False
mass,C4,0.1,gaussian 0.25,paper,0.024787202249960935,0.025,4.255758979476397,1.2277418485524123,False
mass,C4,0.1,gaussian 0.25,paper,0.024787202249960935,0.05,3.2734636587764494,1.276039327786445,False
mass,C4,0.1,gaussian 0.25,paper,0.024787202249960935,0.1,2.5150591504417266,1.3245103977409765,False
mass,C4,0.1,gaussian 0.5,paper,0.04957440449992187,1e-05,71.08630529204076,0.09510349622975194,False
mass,C4,0.1,gaussian 0.5,paper,0.04957440449992187,0.0001,39.644546742399044,0.39078712537670246,False
mass,C4,0.1,gaussian 0.5,paper,0.04957440449992187,0.001,16.061094259089725,0.7152152295862428,False
mass,C4,0.1,gaussian 0.5,paper,0.04957440449992187,0.01,5.825552370113782,0.9857533930356577,False
mass,C4,0.1,gaussian 0.5,paper,0.04957440449992187,0.025,3.879102047123335,1.0739325803577027,False
mass,C4,0.1,gaussian 0.5,paper,0.04957440449992187,0.05,2.8932470799990377,1.132644738247592,False
mass,C4,0.1,gaussian 0.5,paper,0.04957440449992187,0.1,2.1474013682115283,1.188112170283666,False
mass,C4,0.1,gaussian 1,paper,0.09914880899984374,1e-05,26.10456057649129,0.013822910500184624,True
mass,C4,0.1,gaussian 1,paper,0.09914880899984374,0.0001,22.115657295689438,0.10827465064994822,False
mass,C4,0.1,gaussian 1,paper,0.09914880899984374,0.001,11.98462100306793,0.39027510745934724,False
mass,C4,0.1,gaussian 1,paper,0.09914880899984374,0.01,5.225177690747924,0.6847028492829419,False
mass,C4,0.1,gaussian 1,paper,0.09914880899984374,0.025,3.537648978205472,0.8021231599565107,False
mass,C4,0.1,gaussian 1,paper,0.09914880899984374,0.05,2.6718834403258214,0.8978910576049115,False
mass,C4,0.1,gaussian 1,paper,0.09914880899984374,0.1,1.969930120245293,0.9858152925959065,False
mass,C4,0.1,gaussian 2,paper,0.19829761799968748,1e-05,9.593931697855778,0.002270946049241633,True
mass,C4,0.1,gaussian 2,paper,0.19829761799968748,0.0001,9.234207455533484,0.0206356284985728,True
mass,C4,0.1,gaussian 2,paper,0.19829761799968748,0.001,7.262880639407609,0.14008802140423196,False
mass,C4,0.1,gaussian 2,paper,0.19829761799968748,0.01,3.7383067597129087,0.4073193354020666,False
mass,C4,0.1,gaussian 2,paper,0.19829761799968748,0.025,2.812259780011114,0.5152108797406535,False
mass,C4,0.1,gaussian 2,paper,0.19829761799968748,0.05,2.233808086738946,0.5900686805238429,False
mass,C4,0.1,gaussian 2,paper,0.19829761799968748,0.1,1.727778838629165,0.6712629142376647,False
mass,C4,0.1,gaussian 4,paper,0.39659523599937496,1e-05,3.8743284681628665,0.0004460705769758761,True
mass,C4,0.1,gaussian 4,paper,0.39659523599937496,0.0001,3.8418697683611627,0.004347008140543266,True
mass,C4,0.1,gaussian 4,paper,0.39659523599937496,0.001,3.5548839980385267,0.035356128026213435,True
mass,C4,0.1,gaussian 4,paper,0.39659523599937496,0.01,2.5019232344531823,0.19098012609483708,False
mass,C4,0.1,gaussian 4,paper,0.39659523599937496,0.025,1.9671830950507672,0.2802848732899849,False
mass,C4,0.1,gaussian 4,paper,0.39659523599937496,0.05,1.623891461488323,0.35838351153306797,False
mass,C4,0.1,gaussian 4,paper,0.39659523599937496,0.1,1.5133649821856345,0.4431001914642522,False
mass,C4,0.1,gaussian 8,paper,0.7931904719987499,1e-05,2.363552661331343,0.00011652821952667122,True
mass,C4,0.1,gaussian 8,paper,0.7931904719987499,0.0001,2.3633692143847833,0.0011553663937553173,True
mass,C4,0.1,gaussian 8,paper,0.7931904719987499,0.001,2.3616130889782108,0.010651518413442794,True
mass,C4,0.1,gaussian 8,paper,0.7931904719987499,0.01,2.3470435520602755,0.07120251712442918,False
mass,C4,0.1,gaussian 8,paper,0.7931904719987499,0.025,2.3261097496725425,0.1371377003929852,False
mass,C4,0.1,gaussian 8,paper,0.7931904719987499,0.05,2.294741203742091,0.200477453970813,False
mass,C4,0.1,gaussian 8,paper,0.7931904719987499,0.1,2.2395667034348334,0.26345652768138744,False
mass,C4,0.1,gaussian 16,paper,1.5863809439974998,1e-05,3.3241749379805836,4.446211449429372e-05,True
mass,C4,0.1,gaussian 16,paper,1.5863809439974998,0.0001,3.3239707357289494,0.0004430868601686328,True
mass,C4,0.1,gaussian 16,paper,1.5863809439974998,0.001,3.3219330582380837,0.004283190338304221,True
mass,C4,0.1,gaussian 16,paper,1.5863809439974998,0.01,3.3019015913299654,0.03225568284295184,True
mass,C4,0.1,gaussian 16,paper,1.5863809439974998,0.025,3.2695125351578214,0.06788718803339917,False
mass,C4,0.1,gaussian 16,paper,1.5863809439974998,0.05,3.2176219266023516,0.13227733470079808,False
mass,C4,0.1,gaussian 16,paper,1.5863809439974998,0.1,3.1203441259887383,0.25412450803854103,False
mass,C4,0.1,gaussian 32,paper,3.1727618879949997,1e-05,4.086914311373109,3.7747345173360736e-05,True
mass,C4,0.1,gaussian 32,paper,3.1727618879949997,0.0001,4.086602889199612,0.00037744232136992424,True
mass,C4,0.1,gaussian 32,paper,3.1727618879949997,0.001,4.083491558969102,0.00377131660453543,True
mass,C4,0.1,gaussian 32,paper,3.1727618879949997,0.01,4.052663163173706,0.03740781897027507,True
mass,C4,0.1,gaussian 32,paper,3.1727618879949997,0.025,4.00239748152497,0.09228706710120017,False
mass,C4,0.1,gaussian 32,paper,3.1727618879949997,0.05,3.9215573912225645,0.18063402153387445,False
mass,C4,0.1,gaussian 32,paper,3.1727618879949997,0.1,3.7699815402972443,0.34655780840991335,False
mass,C4,0.1,gaussian 64,paper,6.345523775989999,1e-05,4.442239983024629,4.329836009048009e-05,True
mass,C4,0.1,gaussian 64,paper,6.345523775989999,0.0001,4.4418608687411005,0.00043294613074184327,True
mass,C4,0.1,gaussian 64,paper,6.345523775989999,0.001,4.438073355860241,0.004325717942024825,True
mass,C4,0.1,gaussian 64,paper,6.345523775989999,0.01,4.4005576620649265,0.042886453025020865,True
mass,C4,0.1,gaussian 64,paper,6.345523775989999,0.025,4.339448886023134,0.10570693687124116,False
mass,C4,0.1,gaussian 64,paper,6.345523775989999,0.05,4.241357099933604,0.20657076420671727,False
mass,C4,0.1,gaussian 64,paper,6.345523775989999,0.1,4.0581276189462105,0.3950591138729346,False
mass,C4,0.1,gaussian 128,extended,12.691047551979999,1e-05,4.551803953868154,4.5143736944194766e-05,True
mass,C4,0.1,gaussian 128,extended,12.691047551979999,0.0001,4.551401192622423,0.00045139726830932807,True
mass,C4,0.1,gaussian 128,extended,12.691047551979999,0.001,4.54737751949278,0.004509966502255267,True
mass,C4,0.1,gaussian 128,extended,12.691047551979999,0.01,4.50753085158745,0.044702940521893504,True
mass,C4,0.1,gaussian 128,extended,12.691047551979999,0.025,4.442657734918483,0.11014270824499438,False
mass,C4,0.1,gaussian 128,extended,12.691047551979999,0.05,4.3386101365861105,0.21510655257059416,False
mass,C4,0.1,gaussian 128,extended,12.691047551979999,0.1,4.144552370980467,0.41089803923221563,False
mass,C4,0.1,gaussian 256,extended,25.382095103959998,1e-05,4.583621772437252,4.570286201195755e-05,True
mass,C4,0.1,gaussian 256,extended,25.382095103959998,0.0001,4.583211725065804,0.0004569876690671356,True
mass,C4,0.1,gaussian 256,extended,25.382095103959998,0.001,4.579115292512571,0.004565785624136117,True
mass,C4,0.1,gaussian 256,extended,25.382095103959998,0.01,4.538551095055437,0.04525274842408719,False
mass,C4,0.1,gaussian 256,extended,25.382095103959998,0.025,4.472521593721532,0.11148333470122047,False
mass,C4,0.1,gaussian 256,extended,25.382095103959998,0.05,4.3666503223648,0.21768030952857076,False
mass,C4,0.1,gaussian 256,extended,25.382095103959998,0.1,4.169295865713536,0.4156530225523761,False
mass,C4,0.1,gaussian 512,extended,50.764190207919995,1e-05,4.592779395685931,4.585686580860737e-05,True
mass,C4,0.1,gaussian 512,extended,50.764190207919995,0.0001,4.592367385540425,0.00045852748248419016,True
mass,C4,0.1,gaussian 512,extended,50.764190207919995,0.001,4.5882513517501575,0.004581161331730133,True
mass,C4,0.1,gaussian 512,extended,50.764190207919995,0.01,4.54749376080227,0.04540429088435231,False
mass,C4,0.1,gaussian 512,extended,50.764190207919995,0.025,4.481152210028573,0.11185323854707606,False
mass,C4,0.1,gaussian 512,extended,50.764190207919995,0.05,4.374787797573683,0.2183917225102141,False
mass,C4,0.1,gaussian 512,extended,50.764190207919995,0.1,4.176538217733316,0.4169720860117176,False
mass,C4,0.1,gaussian D-027,D-027,0.03222015570183491,1e-05,110.33202455484012,0.2650420128109934,False
mass,C4,0.1,gaussian D-027,D-027,0.03222015570183491,0.0001,46.87908314202404,0.6180358180203516,False
mass,C4,0.1,gaussian D-027,D-027,0.03222015570183491,0.001,16.861312257098657,0.8875390894281495,False
mass,C4,0.1,gaussian D-027,D-027,0.03222015570183491,0.01,6.204685439913352,1.1047237433088004,False
mass,C4,0.1,gaussian D-027,D-027,0.03222015570183491,0.025,4.106584142619325,1.174893154420558,False
mass,C4,0.1,gaussian D-027,D-027,0.03222015570183491,0.05,3.0452508226647104,1.2253559038734787,False
mass,C4,0.1,gaussian D-027,D-027,0.03222015570183491,0.1,2.3588916737547767,1.2737102773601783,False
mass,C4,0.1,gaussian D-027,D-027,0.03222015570183491,0.0,174.9676761541085,0.0,False
mass,C4,0.05,linear,paper,,1e-05,4.8696339549573455,7.028729031521567,False
mass,C4,0.05,linear,paper,,0.0001,4.860260104505383,7.028729035010808,False
mass,C4,0.05,linear,paper,,0.001,4.768532681394644,7.028729356799238,False
mass,C4,0.05,linear,paper,,0.01,4.015940306451691,7.028753878539082,False
mass,C4,0.05,linear,paper,,0.025,3.193689234782689,7.028839245417787,False
mass,C4,0.05,linear,paper,,0.05,2.5326811526590416,7.029022795238777,False
mass,C4,0.05,linear,paper,,0.1,2.203685843299192,7.029421421574182,False
mass,C4,0.05,gaussian 0.25,paper,0.024787202249960935,1e-05,100.60182668830231,0.2597150166410392,False
mass,C4,0.05,gaussian 0.25,paper,0.024787202249960935,0.0001,42.277022716362936,0.5610165338619427,False
mass,C4,0.05,gaussian 0.25,paper,0.024787202249960935,0.001,15.839946586166553,0.8340568747427054,False
mass,C4,0.05,gaussian 0.25,paper,0.024787202249960935,0.01,6.756165106863222,1.0503687491809846,False
mass,C4,0.05,gaussian 0.25,paper,0.024787202249960935,0.025,4.975798567336205,1.1259340151832986,False
mass,C4,0.05,gaussian 0.25,paper,0.024787202249960935,0.05,3.825097996028807,1.1863088608001577,False
mass,C4,0.05,gaussian 0.25,paper,0.024787202249960935,0.1,2.8394235607760234,1.301071181168025,False
mass,C4,0.05,gaussian 0.5,paper,0.04957440449992187,1e-05,45.61689020994424,0.05368762116767317,False
mass,C4,0.05,gaussian 0.5,paper,0.04957440449992187,0.0001,30.388499799753106,0.23727408194040364,False
mass,C4,0.05,gaussian 0.5,paper,0.04957440449992187,0.001,13.660911918315696,0.5324922656844469,False
mass,C4,0.05,gaussian 0.5,paper,0.04957440449992187,0.01,5.26457458281805,0.8331944020731692,False
mass,C4,0.05,gaussian 0.5,paper,0.04957440449992187,0.025,3.4901678539907532,0.9337068954625739,False
mass,C4,0.05,gaussian 0.5,paper,0.04957440449992187,0.05,2.7775406868530528,1.007173537220908,False
mass,C4,0.05,gaussian 0.5,paper,0.04957440449992187,0.1,2.274763211071066,1.0754836127825416,False
mass,C4,0.05,gaussian 1,paper,0.09914880899984374,1e-05,14.49892458300553,0.006048655498479822,True
mass,C4,0.05,gaussian 1,paper,0.09914880899984374,0.0001,12.840241104023198,0.05048110673073651,False
mass,C4,0.05,gaussian 1,paper,0.09914880899984374,0.001,8.360788319411213,0.21363623297907636,False
mass,C4,0.05,gaussian 1,paper,0.09914880899984374,0.01,4.394684958569358,0.4598317086503946,False
mass,C4,0.05,gaussian 1,paper,0.09914880899984374,0.025,3.0931208910682297,0.6033461254654066,False
mass,C4,0.05,gaussian 1,paper,0.09914880899984374,0.05,2.3874349628657816,0.709947177254178,False
mass,C4,0.05,gaussian 1,paper,0.09914880899984374,0.1,1.813361401907368,0.8115227750728353,False
mass,C4,0.05,gaussian 2,paper,0.19829761799968748,1e-05,4.57935561579055,0.0007466761324645798,True
mass,C4,0.05,gaussian 2,paper,0.19829761799968748,0.0001,4.505905269113174,0.0067642563058730246,True
mass,C4,0.05,gaussian 2,paper,0.19829761799968748,0.001,3.97185485576575,0.05122047712711786,False
mass,C4,0.05,gaussian 2,paper,0.19829761799968748,0.01,2.4876762406307207,0.2091245311398154,False
mass,C4,0.05,gaussian 2,paper,0.19829761799968748,0.025,2.0668230928776987,0.298406592266047,False
mass,C4,0.05,gaussian 2,paper,0.19829761799968748,0.05,1.774427701641271,0.36829694167835647,False
mass,C4,0.05,gaussian 2,paper,0.19829761799968748,0.1,1.568791996433787,0.4408349774335471,False
mass,C4,0.05,gaussian 4,paper,0.39659523599937496,1e-05,2.5322402422651336,0.00015345819681927722,True
mass,C4,0.05,gaussian 4,paper,0.39659523599937496,0.0001,2.531885454743767,0.001493142182834446,True
mass,C4,0.05,gaussian 4,paper,0.39659523599937496,0.001,2.528600330952801,0.01180030911420198,True
mass,C4,0.05,gaussian 4,paper,0.39659523599937496,0.01,2.503586046247147,0.06434611802941502,False
mass,C4,0.05,gaussian 4,paper,0.39659523599937496,0.025,2.472251971027427,0.11864580940433334,False
mass,C4,0.05,gaussian 4,paper,0.39659523599937496,0.05,2.4320332796173516,0.17700744648710234,False
mass,C4,0.05,gaussian 4,paper,0.39659523599937496,0.1,2.371854844715727,0.24790539846906687,False
mass,C4,0.05,gaussian 8,paper,0.7931904719987499,1e-05,3.7855889097323168,4.9279641211643413e-05,True
mass,C4,0.05,gaussian 8,paper,0.7931904719987499,0.0001,3.7853657437687436,0.0004886160768035403,True
mass,C4,0.05,gaussian 8,paper,0.7931904719987499,0.001,3.7831595956669335,0.004506542125553326,True
mass,C4,0.05,gaussian 8,paper,0.7931904719987499,0.01,3.7624713508127394,0.030415489918714733,True
mass,C4,0.05,gaussian 8,paper,0.7931904719987499,0.025,3.730494321882267,0.07230182259445392,False
mass,C4,0.05,gaussian 8,paper,0.7931904719987499,0.05,3.6810665448360718,0.13887931396135952,False
mass,C4,0.05,gaussian 8,paper,0.7931904719987499,0.1,3.5920075651387675,0.2622111650069456,False
mass,C4,0.05,gaussian 16,paper,1.5863809439974998,1e-05,5.293122123285486,4.428652542263777e-05,True
mass,C4,0.05,gaussian 16,paper,1.5863809439974998,0.0001,5.292792227860767,0.00044281312318543203,True
mass,C4,0.05,gaussian 16,paper,1.5863809439974998,0.001,5.289497723197916,0.004423053835668695,True
mass,C4,0.05,gaussian 16,paper,1.5863809439974998,0.01,5.2569456126185425,0.04380194606233036,True
mass,C4,0.05,gaussian 16,paper,1.5863809439974998,0.025,5.204023637332458,0.10802117159112078,False
mass,C4,0.05,gaussian 16,paper,1.5863809439974998,0.05,5.118983029451822,0.2116192748548624,False
mass,C4,0.05,gaussian 16,paper,1.5863809439974998,0.1,4.959237996666991,0.4073154462074053,False
mass,C4,0.05,gaussian 32,paper,3.1727618879949997,1e-05,6.42373434677299,5.984917988553288e-05,True
mass,C4,0.05,gaussian 32,paper,3.1727618879949997,0.0001,6.423233933291739,0.0005984432537167618,True
mass,C4,0.05,gaussian 32,paper,3.1727618879949997,0.001,6.41823434475417,0.005979582797957022,True
mass,C4,0.05,gaussian 32,paper,3.1727618879949997,0.01,6.368688548103645,0.05931553156429029,False
mass,C4,0.05,gaussian 32,paper,3.1727618879949997,0.025,6.287887025999059,0.14633293488489416,False
mass,C4,0.05,gaussian 32,paper,3.1727618879949997,0.05,6.157924407159215,0.2863828853748483,False
mass,C4,0.05,gaussian 32,paper,3.1727618879949997,0.1,5.914264507916068,0.5492527635555041,False
mass,C4,0.05,gaussian 64,paper,6.345523775989999,1e-05,6.904036637185745,6.770005829673176e-05,True
mass,C4,0.05,gaussian 64,paper,6.345523775989999,0.0001,6.9034394879231264,0.0006769415621989477,True
mass,C4,0.05,gaussian 64,paper,6.345523775989999,0.001,6.897473738658339,0.006763519248346174,True
mass,C4,0.05,gaussian 64,paper,6.345523775989999,0.01,6.838385015022552,0.06705120284986517,False
mass,C4,0.05,gaussian 64,paper,6.345523775989999,0.025,6.742147147995436,0.16525040211179284,False
mass,C4,0.05,gaussian 64,paper,6.345523775989999,0.05,6.58769710689568,0.32287061909481163,False
mass,C4,0.05,gaussian 64,paper,6.345523775989999,0.1,6.299306603780578,0.6172560675387286,False
mass,C4,0.05,gaussian 128,extended,12.691047551979999,1e-05,7.033308753899625,6.996317868275172e-05,True
mass,C4,0.05,gaussian 128,extended,12.691047551979999,0.0001,7.0326825029228965,0.0006995693735922661,True
mass,C4,0.05,gaussian 128,extended,12.691047551979999,0.001,7.0264261386751965,0.006989458543832864,True
mass,C4,0.05,gaussian 128,extended,12.691047551979999,0.01,6.9644710059037065,0.06927713733943301,False
mass,C4,0.05,gaussian 128,extended,12.691047551979999,0.025,6.863611703261898,0.17067998536283266,False
mass,C4,0.05,gaussian 128,extended,12.691047551979999,0.05,6.701868254565892,0.333300800828993,False
mass,C4,0.05,gaussian 128,extended,12.691047551979999,0.1,6.400275177250619,0.6365490364813484,False
mass,C4,0.05,gaussian 256,extended,25.382095103959998,1e-05,7.066083036151211,7.055650226908263e-05,True
mass,C4,0.05,gaussian 256,extended,25.382095103959998,0.0001,7.065449037649446,0.0007055016763818288,True
mass,C4,0.05,gaussian 256,extended,25.382095103959998,0.001,7.059115310296694,0.0070486883871830495,True
mass,C4,0.05,gaussian 256,extended,25.382095103959998,0.01,6.996397623017082,0.06986023869504929,False
mass,C4,0.05,gaussian 256,extended,25.382095103959998,0.025,6.894310799374221,0.17210060805683228,False
mass,C4,0.05,gaussian 256,extended,25.382095103959998,0.05,6.7306350685592005,0.3360245229475455,False
mass,C4,0.05,gaussian 256,extended,25.382095103959998,0.1,6.4255602822881706,0.6415686749051289,False
mass,C4,0.05,gaussian 512,extended,50.764190207919995,1e-05,7.073869022308812,7.06943431430505e-05,True
mass,C4,0.05,gaussian 512,extended,50.764190207919995,0.0001,7.073233241532119,0.0007068798715056412,True
mass,C4,0.05,gaussian 512,extended,50.764190207919995,0.001,7.066881716982281,0.0070624490051501895,True
mass,C4,0.05,gaussian 512,extended,50.764190207919995,0.01,7.003988581166865,0.06999573952138219,False
mass,C4,0.05,gaussian 512,extended,50.764190207919995,0.025,6.901619228132769,0.17243086201596533,False
mass,C4,0.05,gaussian 512,extended,50.764190207919995,0.05,6.737498468779053,0.3366581407674254,False
mass,C4,0.05,gaussian 512,extended,50.764190207919995,0.1,6.43162069505074,0.6427380605641126,False
mass,C4,0.05,gaussian D-027,D-027,0.03222015570183491,1e-05,79.11636663729284,0.16051545659991556,False
mass,C4,0.05,gaussian D-027,D-027,0.03222015570183491,0.0001,40.00428676783097,0.43224622905483684,False
mass,C4,0.05,gaussian D-027,D-027,0.03222015570183491,0.001,14.72915236801182,0.7400275312874433,False
mass,C4,0.05,gaussian D-027,D-027,0.03222015570183491,0.01,5.788793444620595,0.9786441413089603,False
mass,C4,0.05,gaussian D-027,D-027,0.03222015570183491,0.025,4.3564812127213655,1.0644666277353938,False
mass,C4,0.05,gaussian D-027,D-027,0.03222015570183491,0.05,3.514627264558652,1.1221135545514414,False
mass,C4,0.05,gaussian D-027,D-027,0.03222015570183491,0.1,2.741764779132284,1.1778782735636133,False
mass,C4,0.05,gaussian D-027,D-027,0.03222015570183491,0.0,111.83642549497976,0.0,False
mass,C4,0.02,linear,paper,,1e-05,3.6849776314502627,10.742362855156156,False
mass,C4,0.02,linear,paper,,0.0001,3.678528073669269,10.742362855682888,False
mass,C4,0.02,linear,paper,,0.001,3.6155131782251235,10.74236288246767,False
mass,C4,0.02,linear,paper,,0.01,3.1065340014428005,10.742365390896563,False
mass,C4,0.02,linear,paper,,0.025,2.579303045737378,10.74237716966337,False
mass,C4,0.02,linear,paper,,0.05,2.136168849796239,10.742411775437125,False
mass,C4,0.02,linear,paper,,0.1,1.7627393304707206,10.742511010706354,False
mass,C4,0.02,gaussian 0.25,paper,0.024787202249960935,1e-05,35.02558995970977,0.06528326061165299,False
mass,C4,0.02,gaussian 0.25,paper,0.024787202249960935,0.0001,18.90176749314099,0.1860616518076656,False
mass,C4,0.02,gaussian 0.25,paper,0.024787202249960935,0.001,9.977680095434499,0.3401683787554203,False
mass,C4,0.02,gaussian 0.25,paper,0.024787202249960935,0.01,4.547363698452513,0.5878469486294658,False
mass,C4,0.02,gaussian 0.25,paper,0.024787202249960935,0.025,3.468464415261648,0.6897208937164137,False
mass,C4,0.02,gaussian 0.25,paper,0.024787202249960935,0.05,2.700895808644591,0.7540770366038174,False
mass,C4,0.02,gaussian 0.25,paper,0.024787202249960935,0.1,2.154878127157636,0.8567913630274315,False
mass,C4,0.02,gaussian 0.5,paper,0.04957440449992187,1e-05,11.392587377112225,0.009578712451091004,True
mass,C4,0.02,gaussian 0.5,paper,0.04957440449992187,0.0001,9.1098978744001,0.048953968955650635,False
mass,C4,0.02,gaussian 0.5,paper,0.04957440449992187,0.001,5.249811402656047,0.15328920386677516,False
mass,C4,0.02,gaussian 0.5,paper,0.04957440449992187,0.01,3.002892726630497,0.290709668916277,False
mass,C4,0.02,gaussian 0.5,paper,0.04957440449992187,0.025,2.3026322304475086,0.3690551699035708,False
mass,C4,0.02,gaussian 0.5,paper,0.04957440449992187,0.05,1.7986149720371831,0.4478795665660915,False
mass,C4,0.02,gaussian 0.5,paper,0.04957440449992187,0.1,1.5475953413327446,0.5446718443400104,False
mass,C4,0.02,gaussian 1,paper,0.09914880899984374,1e-05,2.963443004410692,0.0008581755786547173,True
mass,C4,0.02,gaussian 1,paper,0.09914880899984374,0.0001,2.813948339429856,0.007381495132524407,True
mass,C4,0.02,gaussian 1,paper,0.09914880899984374,0.001,2.295510764927614,0.03825325632735069,True
mass,C4,0.02,gaussian 1,paper,0.09914880899984374,0.01,2.012174290658398,0.12030038097002684,False
mass,C4,0.02,gaussian 1,paper,0.09914880899984374,0.025,1.934309600388578,0.16742207977647477,False
mass,C4,0.02,gaussian 1,paper,0.09914880899984374,0.05,1.8652130607989805,0.20491791150155533,False
mass,C4,0.02,gaussian 1,paper,0.09914880899984374,0.1,1.7879735780329569,0.24920447272660856,False
mass,C4,0.02,gaussian 2,paper,0.19829761799968748,1e-05,2.9720332645871865,0.0001398619150232516,True
mass,C4,0.02,gaussian 2,paper,0.19829761799968748,0.0001,2.9699804196542106,0.0012584231799036684,True
mass,C4,0.02,gaussian 2,paper,0.19829761799968748,0.001,2.953300484397982,0.007946916601021444,True
mass,C4,0.02,gaussian 2,paper,0.19829761799968748,0.01,2.865143249774206,0.05233335123207822,False
mass,C4,0.02,gaussian 2,paper,0.19829761799968748,0.025,2.789830901329866,0.10115221859109698,False
mass,C4,0.02,gaussian 2,paper,0.19829761799968748,0.05,2.7133748488401506,0.16169022440766845,False
mass,C4,0.02,gaussian 2,paper,0.19829761799968748,0.1,2.6168509056411806,0.2543010588034959,False
mass,C4,0.02,gaussian 4,paper,0.39659523599937496,1e-05,4.1976427072548566,5.859410148119895e-05,True
mass,C4,0.02,gaussian 4,paper,0.39659523599937496,0.0001,4.197078217261473,0.0005768430976986852,True
mass,C4,0.02,gaussian 4,paper,0.39659523599937496,0.001,4.1917431363541455,0.0052442962463644235,True
mass,C4,0.02,gaussian 4,paper,0.39659523599937496,0.01,4.148617421393563,0.044680742043451106,True
mass,C4,0.02,gaussian 4,paper,0.39659523599937496,0.025,4.0919909541997335,0.10094272300007745,False
mass,C4,0.02,gaussian 4,paper,0.39659523599937496,0.05,4.017311550422748,0.18131761557160467,False
mass,C4,0.02,gaussian 4,paper,0.39659523599937496,0.1,3.9034669020181108,0.31601461827187605,False
mass,C4,0.02,gaussian 8,paper,0.7931904719987499,1e-05,6.0645448834750235,5.154437514411864e-05,True
mass,C4,0.02,gaussian 8,paper,0.7931904719987499,0.0001,6.06415938720462,0.0005149057430096376,True
mass,C4,0.02,gaussian 8,paper,0.7931904719987499,0.001,6.060346831335213,0.005102045630807375,True
mass,C4,0.02,gaussian 8,paper,0.7931904719987499,0.01,6.024514792902256,0.04887530503076331,False
mass,C4,0.02,gaussian 8,paper,0.7931904719987499,0.025,5.968996698859821,0.11834715486105676,False
mass,C4,0.02,gaussian 8,paper,0.7931904719987499,0.05,5.883052547509209,0.228224665791113,False
mass,C4,0.02,gaussian 8,paper,0.7931904719987499,0.1,5.728111567464129,0.43154214414755404,False
mass,C4,0.02,gaussian 16,paper,1.5863809439974998,1e-05,8.253806054458972,7.010286835510906e-05,True
mass,C4,0.02,gaussian 16,paper,1.5863809439974998,0.0001,8.25327181157997,0.00070095280411119,True
mass,C4,0.02,gaussian 16,paper,1.5863809439974998,0.001,8.247936752362921,0.007002062743727391,True
mass,C4,0.02,gaussian 16,paper,1.5863809439974998,0.01,8.195235354033844,0.06935617386235682,False
mass,C4,0.02,gaussian 16,paper,1.5863809439974998,0.025,8.10959132405549,0.1710061830640987,False
mass,C4,0.02,gaussian 16,paper,1.5863809439974998,0.05,7.97204387668337,0.33486453985644793,False
mass,C4,0.02,gaussian 16,paper,1.5863809439974998,0.1,7.713911452414671,0.6439933175067489,False
mass,C4,0.02,gaussian 32,paper,3.1727618879949997,1e-05,9.859935737563575,9.244013602184508e-05,True
mass,C4,0.02,gaussian 32,paper,3.1727618879949997,0.0001,9.859156540411828,0.000924325673323992,True
mass,C4,0.02,gaussian 32,paper,3.1727618879949997,0.001,9.851371701019913,0.009235695580996385,True
mass,C4,0.02,gaussian 32,paper,3.1727618879949997,0.01,9.774229302024757,0.09160821567599861,False
mass,C4,0.02,gaussian 32,paper,3.1727618879949997,0.025,9.648441872805748,0.2259721157759029,False
mass,C4,0.02,gaussian 32,paper,3.1727618879949997,0.05,9.44617488800614,0.4421541672667795,False
mass,C4,0.02,gaussian 32,paper,3.1727618879949997,0.1,9.06713262869053,0.8476840032552643,False
mass,C4,0.02,gaussian 64,paper,6.345523775989999,1e-05,10.520714482130694,0.0001033838897062951,True
mass,C4,0.02,gaussian 64,paper,6.345523775989999,0.0001,10.519800373498983,0.001033748463806901,True
mass,C4,0.02,gaussian 64,paper,6.345523775989999,0.001,10.5106681041397,0.010328450071388951,True
mass,C4,0.02,gaussian 64,paper,6.345523775989999,0.01,10.420218543535675,0.10238971766095109,False
mass,C4,0.02,gaussian 64,paper,6.345523775989999,0.025,10.27291292728394,0.2523315476918648,False
mass,C4,0.02,gaussian 64,paper,6.345523775989999,0.05,10.036530803260623,0.49297385999308085,False
mass,C4,0.02,gaussian 64,paper,6.345523775989999,0.1,9.595241965362577,0.9423161384139809,False
mass,C4,0.02,gaussian 128,extended,12.691047551979999,1e-05,10.69350349477477,0.00010643693323558187,True
mass,C4,0.02,gaussian 128,extended,12.691047551979999,0.0001,10.692550140293895,0.0010642742843671362,True
mass,C4,0.02,gaussian 128,extended,12.691047551979999,0.001,10.683025959533254,0.010633247389518636,True
mass,C4,0.02,gaussian 128,extended,12.691047551979999,0.01,10.588711343706798,0.10539218120054775,False
mass,C4,0.02,gaussian 128,extended,12.691047551979999,0.025,10.4351760178063,0.2596537687259741,False
mass,C4,0.02,gaussian 128,extended,12.691047551979999,0.05,10.18896709225651,0.5070350641370697,False
mass,C4,0.02,gaussian 128,extended,12.691047551979999,0.1,9.729905465426329,0.9683086382890601,False
mass,C4,0.02,gaussian 256,extended,25.382095103959998,1e-05,10.736396670928803,0.00010721746460699143,True
mass,C4,0.02,gaussian 256,extended,25.382095103959998,0.0001,10.73543313136956,0.0010720783631651795,True
mass,C4,0.02,gaussian 256,extended,25.382095103959998,0.001,10.725807248218564,0.010711164849422297,True
mass,C4,0.02,gaussian 256,extended,25.382095103959998,0.01,10.630490264078823,0.10615918457630974,False
mass,C4,0.02,gaussian 256,extended,25.382095103959998,0.025,10.47534174075762,0.2615221483095435,False
mass,C4,0.02,gaussian 256,extended,25.382095103959998,0.05,10.226594355246858,0.5106163713542227,False
mass,C4,0.02,gaussian 256,extended,25.382095103959998,0.1,9.762961747158299,0.9749056848252908,False
mass,C4,0.02,gaussian 512,extended,50.764190207919995,1e-05,10.746716032275556,0.00010739749550588226,True
mass,C4,0.02,gaussian 512,extended,50.764190207919995,0.0001,10.745750180952054,0.0010738783985567199,True
mass,C4,0.02,gaussian 512,extended,50.764190207919995,0.001,10.736101212720767,0.010729137879406376,True
mass,C4,0.02,gaussian 512,extended,50.764190207919995,0.01,10.640556593963638,0.10633621785905963,False
mass,C4,0.02,gaussian 512,extended,50.764190207919995,0.025,10.485041282602618,0.26195384077266043,False
mass,C4,0.02,gaussian 512,extended,50.764190207919995,0.05,10.235715570059488,0.5114452720758258,False
mass,C4,0.02,gaussian 512,extended,50.764190207919995,0.1,9.77103754178115,0.9764378462846106,False
mass,C4,0.02,gaussian D-027,D-027,0.03222015570183491,1e-05,24.266240777373284,0.032606783767720644,True
mass,C4,0.02,gaussian D-027,D-027,0.03222015570183491,0.0001,14.948930975596152,0.1256523775692037,False
mass,C4,0.02,gaussian D-027,D-027,0.03222015570183491,0.001,7.887334688157548,0.2592917339467036,False
mass,C4,0.02,gaussian D-027,D-027,0.03222015570183491,0.01,3.816949830799787,0.45727905895410353,False
mass,C4,0.02,gaussian D-027,D-027,0.03222015570183491,0.025,2.948157015177946,0.5777776223051454,False
mass,C4,0.02,gaussian D-027,D-027,0.03222015570183491,0.05,2.436578032539627,0.6609563836772313,False
mass,C4,0.02,gaussian D-027,D-027,0.03222015570183491,0.1,1.9311569591466804,0.7324558149611753,False
mass,C4,0.02,gaussian D-027,D-027,0.03222015570183491,0.0,28.82841648754126,0.0,False
mass,C5,1.0,linear,paper,,1e-05,4.747620168741086,1.44423144473468,False
mass,C5,1.0,linear,paper,,0.0001,4.738305874240484,1.444231472785044,False
mass,C5,1.0,linear,paper,,0.001,4.647135167308062,1.4442341698464585,False
mass,C5,1.0,linear,paper,,0.01,3.8973123039759345,1.444427984102016,False
mass,C5,1.0,linear,paper,,0.025,3.0715477713146897,1.4450436610712425,False
mass,C5,1.0,linear,paper,,0.05,2.2704663446423314,1.44620242489494,False
mass,C5,1.0,linear,paper,,0.1,1.5384390780493702,1.4482471269660557,False
mass,C5,1.0,gaussian 0.25,paper,0.024787202249960935,1e-05,160.24610865994367,0.6865657335347373,False
mass,C5,1.0,gaussian 0.25,paper,0.024787202249960935,0.0001,52.90698999892613,0.960288824359778,False
mass,C5,1.0,gaussian 0.25,paper,0.024787202249960935,0.001,17.576701331569648,1.060524328310361,False
mass,C5,1.0,gaussian 0.25,paper,0.024787202249960935,0.01,5.660083699241367,1.2115917229495172,False
mass,C5,1.0,gaussian 0.25,paper,0.024787202249960935,0.025,3.6137968070917452,1.2513988964783413,False
mass,C5,1.0,gaussian 0.25,paper,0.024787202249960935,0.05,2.585252520862024,1.2757352949002836,False
mass,C5,1.0,gaussian 0.25,paper,0.024787202249960935,0.1,1.8354180491095753,1.2951525842383722,False
mass,C5,1.0,gaussian 0.5,paper,0.04957440449992187,1e-05,125.69370559590602,0.2005253376009012,False
mass,C5,1.0,gaussian 0.5,paper,0.04957440449992187,0.0001,50.64944805499115,0.7094829638277925,False
mass,C5,1.0,gaussian 0.5,paper,0.04957440449992187,0.001,17.211688645698015,0.9663546628775453,False
mass,C5,1.0,gaussian 0.5,paper,0.04957440449992187,0.01,5.723446460569985,1.0786489700682613,False
mass,C5,1.0,gaussian 0.5,paper,0.04957440449992187,0.025,3.640877784001802,1.1487005406003215,False
mass,C5,1.0,gaussian 0.5,paper,0.04957440449992187,0.05,2.5902006003548226,1.1930468952317859,False
mass,C5,1.0,gaussian 0.5,paper,0.04957440449992187,0.1,1.8209157542559447,1.2301625484886,False
mass,C5,1.0,gaussian 1,paper,0.09914880899984374,1e-05,55.49044314210533,0.03578532275425777,True
mass,C5,1.0,gaussian 1,paper,0.09914880899984374,0.0001,42.87438182794292,0.24936086493819576,False
mass,C5,1.0,gaussian 1,paper,0.09914880899984374,0.001,16.115879581234186,0.761398879720371,False
mass,C5,1.0,gaussian 1,paper,0.09914880899984374,0.01,5.538508438055768,0.9750889824146205,False
mass,C5,1.0,gaussian 1,paper,0.09914880899984374,0.025,3.6594144379658866,1.0118666298663912,False
mass,C5,1.0,gaussian 1,paper,0.09914880899984374,0.05,2.627172134274324,1.0483419414399677,False
mass,C5,1.0,gaussian 1,paper,0.09914880899984374,0.1,1.8602962338027662,1.1071575295736353,False
mass,C5,1.0,gaussian 2,paper,0.19829761799968748,1e-05,23.633051091270406,0.006659590468891363,True
mass,C5,1.0,gaussian 2,paper,0.19829761799968748,0.0001,22.464812955965293,0.05987091585719441,False
mass,C5,1.0,gaussian 2,paper,0.19829761799968748,0.001,15.04057735654247,0.36238637709960303,False
mass,C5,1.0,gaussian 2,paper,0.19829761799968748,0.01,5.16194717197118,0.8416620618230198,False
mass,C5,1.0,gaussian 2,paper,0.19829761799968748,0.025,3.4067285588874396,0.9239818929291563,False
mass,C5,1.0,gaussian 2,paper,0.19829761799968748,0.05,2.4892384641431256,0.9585667692791526,False
mass,C5,1.0,gaussian 2,paper,0.19829761799968748,0.1,1.8561837260107228,0.9907143698108348,False
mass,C5,1.0,gaussian 4,paper,0.39659523599937496,1e-05,10.859919578485629,0.0014623780411688579,True
mass,C5,1.0,gaussian 4,paper,0.39659523599937496,0.0001,10.743091841448843,0.014227933926027909,True
mass,C5,1.0,gaussian 4,paper,0.39659523599937496,0.001,9.699719214940444,0.11219681763154374,False
mass,C5,1.0,gaussian 4,paper,0.39659523599937496,0.01,4.970613316051626,0.541149771578582,False
mass,C5,1.0,gaussian 4,paper,0.39659523599937496,0.025,3.184553474816407,0.7429021101711956,False
mass,C5,1.0,gaussian 4,paper,0.39659523599937496,0.05,2.3180678500599075,0.8484885471026123,False
mass,C5,1.0,gaussian 4,paper,0.39659523599937496,0.1,1.7068061276466617,0.913770891298052,False
mass,C5,1.0,gaussian 8,paper,0.7931904719987499,1e-05,5.488221413377693,0.0004127184507292561,True
mass,C5,1.0,gaussian 8,paper,0.7931904719987499,0.0001,5.473056385102383,0.004091584137209219,True
mass,C5,1.0,gaussian 8,paper,0.7931904719987499,0.001,5.325895045933076,0.037671638509712994,True
mass,C5,1.0,gaussian 8,paper,0.7931904719987499,0.01,4.197573348566801,0.23291868771056073,False
mass,C5,1.0,gaussian 8,paper,0.7931904719987499,0.025,3.103403744087654,0.4302918982156916,False
mass,C5,1.0,gaussian 8,paper,0.7931904719987499,0.05,2.2375525042578484,0.5997004583026438,False
mass,C5,1.0,gaussian 8,paper,0.7931904719987499,0.1,1.5962508810843896,0.7467554638012366,False
mass,C5,1.0,gaussian 16,paper,1.5863809439974998,1e-05,3.1502282044147307,0.00015437627152094997,True
mass,C5,1.0,gaussian 16,paper,1.5863809439974998,0.0001,3.1473659918709234,0.0015384050123662407,True
mass,C5,1.0,gaussian 16,paper,1.5863809439974998,0.001,3.119027726573078,0.014868171886976748,True
mass,C5,1.0,gaussian 16,paper,1.5863809439974998,0.01,2.861427395944971,0.1114229385894197,False
mass,C5,1.0,gaussian 16,paper,1.5863809439974998,0.025,2.515334833547923,0.19987685198073943,False
mass,C5,1.0,gaussian 16,paper,1.5863809439974998,0.05,2.0937026505328364,0.33263737701861906,False
mass,C5,1.0,gaussian 16,paper,1.5863809439974998,0.1,1.5705463561461026,0.4980543322516619,False
mass,C5,1.0,gaussian 32,paper,3.1727618879949997,1e-05,2.103794699665804,7.196224392539819e-05,True
mass,C5,1.0,gaussian 32,paper,3.1727618879949997,0.0001,2.102947543107917,0.0007184281644842148,True
mass,C5,1.0,gaussian 32,paper,3.1727618879949997,0.001,2.0945134507255148,0.007067004135733516,True
mass,C5,1.0,gaussian 32,paper,3.1727618879949997,0.01,2.0137593377549696,0.060756865806428896,False
mass,C5,1.0,gaussian 32,paper,3.1727618879949997,0.025,1.8922078321428306,0.12314223942715459,False
mass,C5,1.0,gaussian 32,paper,3.1727618879949997,0.05,1.7193485823695194,0.18735535894737565,False
mass,C5,1.0,gaussian 32,paper,3.1727618879949997,0.1,1.4541157126666817,0.3074358542559754,False
mass,C5,1.0,gaussian 64,paper,6.345523775989999,1e-05,1.547539727286131,3.66799208278707e-05,True
mass,C5,1.0,gaussian 64,paper,6.345523775989999,0.0001,1.5472055194103103,0.0003664875479390124,True
mass,C5,1.0,gaussian 64,paper,6.345523775989999,0.001,1.5438714895607122,0.003633999072569627,True
mass,C5,1.0,gaussian 64,paper,6.345523775989999,0.01,1.5113177893896141,0.03351695598132739,True
mass,C5,1.0,gaussian 64,paper,6.345523775989999,0.025,1.4600677015879624,0.07419310553135597,False
mass,C5,1.0,gaussian 64,paper,6.345523775989999,0.05,1.3821908384296921,0.12462383042877345,False
mass,C5,1.0,gaussian 64,paper,6.345523775989999,0.1,1.3165711106359705,0.1934255634116395,False
mass,C5,1.0,gaussian 128,extended,12.691047551979999,1e-05,1.516620240815249,1.9387437436735403e-05,True
mass,C5,1.0,gaussian 128,extended,12.691047551979999,0.0001,1.5164901335605152,0.00019378774821786343,True
mass,C5,1.0,gaussian 128,extended,12.691047551979999,0.001,1.5151903259562713,0.0019292577414920197,True
mass,C5,1.0,gaussian 128,extended,12.691047551979999,0.01,1.5023174025603518,0.01847145245718365,True
mass,C5,1.0,gaussian 128,extended,12.691047551979999,0.025,1.4813552555286575,0.043124676571639875,True
mass,C5,1.0,gaussian 128,extended,12.691047551979999,0.05,1.4477213059480147,0.07771995930327162,False
mass,C5,1.0,gaussian 128,extended,12.691047551979999,0.1,1.384937904301278,0.13549194556253327,False
mass,C5,1.0,gaussian 256,extended,25.382095103959998,1e-05,1.546679408314681,1.536695013840549e-05,True
mass,C5,1.0,gaussian 256,extended,25.382095103959998,0.0001,1.5465424301219797,0.00015365577295617738,True
mass,C5,1.0,gaussian 256,extended,25.382095103959998,0.001,1.5451740016298672,0.00153518624876118,True
mass,C5,1.0,gaussian 256,extended,25.382095103959998,0.01,1.5316237232750092,0.015216062292054145,True
mass,C5,1.0,gaussian 256,extended,25.382095103959998,0.025,1.50956823330296,0.03748759266583686,True
mass,C5,1.0,gaussian 256,extended,25.382095103959998,0.05,1.474208241013986,0.07320349474004467,False
mass,C5,1.0,gaussian 256,extended,25.382095103959998,0.1,1.4083067306255839,0.1398028210686487,False
mass,C5,1.0,gaussian 512,extended,50.764190207919995,1e-05,1.5543189848969088,1.546465671964388e-05,True
mass,C5,1.0,gaussian 512,extended,50.764190207919995,0.0001,1.5541809790368286,0.00015463272559464414,True
mass,C5,1.0,gaussian 512,extended,50.764190207919995,0.001,1.5528022865622353,0.0015449444632930106,True
mass,C5,1.0,gaussian 512,extended,50.764190207919995,0.01,1.5391506220875442,0.015312519364950889,True
mass,C5,1.0,gaussian 512,extended,50.764190207919995,0.025,1.5169310671827092,0.03772412090694666,True
mass,C5,1.0,gaussian 512,extended,50.764190207919995,0.05,1.4813104625269964,0.07366165915964956,False
mass,C5,1.0,gaussian 512,extended,50.764190207919995,0.1,1.414930620906358,0.14066368307556207,False
mass,C5,1.0,gaussian D-027,D-027,0.03222015570183491,1e-05,157.80876921598983,0.48877316310059377,False
mass,C5,1.0,gaussian D-027,D-027,0.03222015570183491,0.0001,51.91215143744013,0.9012341672373301,False
mass,C5,1.0,gaussian D-027,D-027,0.03222015570183491,0.001,18.0510296311701,1.0201565943273414,False
mass,C5,1.0,gaussian D-027,D-027,0.03222015570183491,0.01,5.725128568213275,1.1702171029528357,False
mass,C5,1.0,gaussian D-027,D-027,0.03222015570183491,0.025,3.601702697109475,1.2203043500170434,False
mass,C5,1.0,gaussian D-027,D-027,0.03222015570183491,0.05,2.5637144533816856,1.2508342040746294,False
mass,C5,1.0,gaussian D-027,D-027,0.03222015570183491,0.1,1.8463564691820125,1.276152694178771,False
mass,C5,1.0,gaussian D-027,D-027,0.03222015570183491,0.0,309.2446713355609,0.0,False
mass,C5,0.5,linear,paper,,1e-05,4.601921495167071,3.5686329038308116,False
mass,C5,0.5,linear,paper,,0.0001,4.592912108592257,3.568632930624583,False
mass,C5,0.5,linear,paper,,0.001,4.50472981379452,3.5686355168093673,False
mass,C5,0.5,linear,paper,,0.01,3.779744180602408,3.568829391656515,False
mass,C5,0.5,linear,paper,,0.025,2.9824454651499033,3.5694861578206543,False
mass,C5,0.5,linear,paper,,0.05,2.2142870731633626,3.5708502210811752,False
mass,C5,0.5,linear,paper,,0.1,1.6365362678772328,3.573709288454257,False
mass,C5,0.5,gaussian 0.25,paper,0.024787202249960935,1e-05,189.3140322420467,0.6664622089223827,False
mass,C5,0.5,gaussian 0.25,paper,0.024787202249960935,0.0001,66.60186165346762,1.0720290776259134,False
mass,C5,0.5,gaussian 0.25,paper,0.024787202249960935,0.001,19.895349698570513,1.3413073200913568,False
mass,C5,0.5,gaussian 0.25,paper,0.024787202249960935,0.01,6.441263141792136,1.4857580096032157,False
mass,C5,0.5,gaussian 0.25,paper,0.024787202249960935,0.025,4.273930959316529,1.5384041742752994,False
mass,C5,0.5,gaussian 0.25,paper,0.024787202249960935,0.05,3.2033544628336297,1.575965423982841,False
mass,C5,0.5,gaussian 0.25,paper,0.024787202249960935,0.1,2.4352813700732927,1.608107437386628,False
mass,C5,0.5,gaussian 0.5,paper,0.04957440449992187,1e-05,123.4421177624043,0.19696174386594784,False
mass,C5,0.5,gaussian 0.5,paper,0.04957440449992187,0.0001,60.20176836807986,0.6965789399932134,False
mass,C5,0.5,gaussian 0.5,paper,0.04957440449992187,0.001,21.31064569566747,1.0785349302368097,False
mass,C5,0.5,gaussian 0.5,paper,0.04957440449992187,0.01,6.4461211699505006,1.3576536379322037,False
mass,C5,0.5,gaussian 0.5,paper,0.04957440449992187,0.025,3.997527384979245,1.42630605466824,False
mass,C5,0.5,gaussian 0.5,paper,0.04957440449992187,0.05,2.8183619505440296,1.4694543857239901,False
mass,C5,0.5,gaussian 0.5,paper,0.04957440449992187,0.1,2.109989301757637,1.5148432481245404,False
mass,C5,0.5,gaussian 1,paper,0.09914880899984374,1e-05,54.96252139828324,0.03583917364579926,True
mass,C5,0.5,gaussian 1,paper,0.09914880899984374,0.0001,42.49786494740753,0.24684351006304248,False
mass,C5,0.5,gaussian 1,paper,0.09914880899984374,0.001,19.177339726091716,0.7545357374141931,False
mass,C5,0.5,gaussian 1,paper,0.09914880899984374,0.01,6.831935725074189,1.0868301277114671,False
mass,C5,0.5,gaussian 1,paper,0.09914880899984374,0.025,4.347047207034652,1.2349589653629702,False
mass,C5,0.5,gaussian 1,paper,0.09914880899984374,0.05,3.0175134995714212,1.3184733118558238,False
mass,C5,0.5,gaussian 1,paper,0.09914880899984374,0.1,2.066582172769328,1.3852021033939557,False
mass,C5,0.5,gaussian 2,paper,0.19829761799968748,1e-05,23.132614136775057,0.006561453666934358,True
mass,C5,0.5,gaussian 2,paper,0.19829761799968748,0.0001,21.993622583318025,0.05914429457579398,False
mass,C5,0.5,gaussian 2,paper,0.19829761799968748,0.001,14.781553631544202,0.35447540521396603,False
mass,C5,0.5,gaussian 2,paper,0.19829761799968748,0.01,6.354561885046915,0.8268691419420495,False
mass,C5,0.5,gaussian 2,paper,0.19829761799968748,0.025,4.397762297039937,0.9132587223693927,False
mass,C5,0.5,gaussian 2,paper,0.19829761799968748,0.05,3.141044264295979,0.9925309105421963,False
mass,C5,0.5,gaussian 2,paper,0.19829761799968748,0.1,2.2680557140809734,1.1353048916667592,False
mass,C5,0.5,gaussian 4,paper,0.39659523599937496,1e-05,10.479086881012421,0.0014083765499514117,True
mass,C5,0.5,gaussian 4,paper,0.39659523599937496,0.0001,10.366651195544785,0.013706612406213908,True
mass,C5,0.5,gaussian 4,paper,0.39659523599937496,0.001,9.363039442068915,0.10849141417971318,False
mass,C5,0.5,gaussian 4,paper,0.39659523599937496,0.01,4.88323609322854,0.5221306939109224,False
mass,C5,0.5,gaussian 4,paper,0.39659523599937496,0.025,3.5305130661509034,0.7177263407680544,False
mass,C5,0.5,gaussian 4,paper,0.39659523599937496,0.05,2.9229930850278927,0.8217629410080666,False
mass,C5,0.5,gaussian 4,paper,0.39659523599937496,0.1,2.260039955029315,0.8894789518484123,False
mass,C5,0.5,gaussian 8,paper,0.7931904719987499,1e-05,5.259379012864232,0.0003912475237953711,True
mass,C5,0.5,gaussian 8,paper,0.7931904719987499,0.0001,5.244865403783134,0.0038787847528002815,True
mass,C5,0.5,gaussian 8,paper,0.7931904719987499,0.001,5.104054026615158,0.035718333151932034,True
mass,C5,0.5,gaussian 8,paper,0.7931904719987499,0.01,4.0257460779772165,0.22312960459031445,False
mass,C5,0.5,gaussian 8,paper,0.7931904719987499,0.025,2.989925322608443,0.41224154454920675,False
mass,C5,0.5,gaussian 8,paper,0.7931904719987499,0.05,2.264054438600094,0.5747298352858051,False
mass,C5,0.5,gaussian 8,paper,0.7931904719987499,0.1,2.0015923123888246,0.7162038554362846,False
mass,C5,0.5,gaussian 16,paper,1.5863809439974998,1e-05,2.9943138124176922,0.0001457662769013386,True
mass,C5,0.5,gaussian 16,paper,1.5863809439974998,0.0001,2.9915931431486267,0.0014525964393222507,True
mass,C5,0.5,gaussian 16,paper,1.5863809439974998,0.001,2.9646584248300556,0.014038132602999909,True
mass,C5,0.5,gaussian 16,paper,1.5863809439974998,0.01,2.8701235290667917,0.10514269313210786,False
mass,C5,0.5,gaussian 16,paper,1.5863809439974998,0.025,2.8398733671198806,0.19003452033455437,False
mass,C5,0.5,gaussian 16,paper,1.5863809439974998,0.05,2.79127448367585,0.3161364818349523,False
mass,C5,0.5,gaussian 16,paper,1.5863809439974998,0.1,2.700096915253912,0.4733591899857345,False
mass,C5,0.5,gaussian 32,paper,3.1727618879949997,1e-05,3.4538025552086773,6.808160860994902e-05,True
mass,C5,0.5,gaussian 32,paper,3.1727618879949997,0.0001,3.4535211353969224,0.0006796849106343045,True
mass,C5,0.5,gaussian 32,paper,3.1727618879949997,0.001,3.4507095355539845,0.006685766903563068,True
mass,C5,0.5,gaussian 32,paper,3.1727618879949997,0.01,3.4228508900781542,0.05746728418162955,False
mass,C5,0.5,gaussian 32,paper,3.1727618879949997,0.025,3.3774353169303657,0.11642735767990997,False
mass,C5,0.5,gaussian 32,paper,3.1727618879949997,0.05,3.304436990890699,0.1770136732850291,False
mass,C5,0.5,gaussian 32,paper,3.1727618879949997,0.1,3.1677503203489126,0.30111673223649055,False
mass,C5,0.5,gaussian 64,paper,6.345523775989999,1e-05,3.6339911396285682,3.6019630513266816e-05,True
mass,C5,0.5,gaussian 64,paper,6.345523775989999,0.0001,3.6336698860640904,0.0003601644050300737,True
mass,C5,0.5,gaussian 64,paper,6.345523775989999,0.001,3.6304604797863473,0.0035984571591153136,True
mass,C5,0.5,gaussian 64,paper,6.345523775989999,0.01,3.5986762978007576,0.03566896630154035,True
mass,C5,0.5,gaussian 64,paper,6.345523775989999,0.025,3.5469246720427376,0.08788777839491853,False
mass,C5,0.5,gaussian 64,paper,6.345523775989999,0.05,3.463909989695457,0.1716544308189142,False
mass,C5,0.5,gaussian 64,paper,6.345523775989999,0.1,3.30904165702258,0.3279340965938191,False
mass,C5,0.5,gaussian 128,extended,12.691047551979999,1e-05,3.666493752514476,3.663120389812491e-05,True
mass,C5,0.5,gaussian 128,extended,12.691047551979999,0.0001,3.666164409374505,0.0003662791325923727,True
mass,C5,0.5,gaussian 128,extended,12.691047551979999,0.001,3.6628742295543617,0.003659503936070716,True
mass,C5,0.5,gaussian 128,extended,12.691047551979999,0.01,3.6302943783806634,0.036269517323978845,True
mass,C5,0.5,gaussian 128,extended,12.691047551979999,0.025,3.5772638734344997,0.08934915776550802,False
mass,C5,0.5,gaussian 128,extended,12.691047551979999,0.05,3.4922411113424316,0.17445080199995944,False
mass,C5,0.5,gaussian 128,extended,12.691047551979999,0.1,3.333771098230881,0.33306818374529684,False
mass,C5,0.5,gaussian 256,extended,25.382095103959998,1e-05,3.6698773949989536,3.6697444336063363e-05,True
mass,C5,0.5,gaussian 256,extended,25.382095103959998,0.0001,3.669547163004193,0.00036694142133406206,True
mass,C5,0.5,gaussian 256,extended,25.382095103959998,0.001,3.666248108854072,0.003666115276366912,True
mass,C5,0.5,gaussian 256,extended,25.382095103959998,0.01,3.633580917099027,0.036334492450827455,True
mass,C5,0.5,gaussian 256,extended,25.382095103959998,0.025,3.58041032580831,0.08950701358431495,False
mass,C5,0.5,gaussian 256,extended,25.382095103959998,0.05,3.4951683541665806,0.1747520801502258,False
mass,C5,0.5,gaussian 256,extended,25.382095103959998,0.1,3.3363075592352773,0.333618646371762,False
mass,C5,0.5,gaussian 512,extended,50.764190207919995,1e-05,3.6700102726548613,3.6700088746486963e-05,True
mass,C5,0.5,gaussian 512,extended,50.764190207919995,0.0001,3.669680005011003,0.00036696786071058906,True
mass,C5,0.5,gaussian 512,extended,50.764190207919995,0.001,3.666380594953568,0.003666379198058094,True
mass,C5,0.5,gaussian 512,extended,50.764190207919995,0.01,3.6337099016891217,0.03633708514802743,True
mass,C5,0.5,gaussian 512,extended,50.764190207919995,0.025,3.5805336993120465,0.08951330821906883,False
mass,C5,0.5,gaussian 512,extended,50.764190207919995,0.05,3.495282960038773,0.17476408079011496,False
mass,C5,0.5,gaussian 512,extended,50.764190207919995,0.1,3.336406575246621,0.3336405280465756,False
mass,C5,0.5,gaussian D-027,D-027,0.03222015570183491,1e-05,162.3448797869607,0.475001276674247,False
mass,C5,0.5,gaussian D-027,D-027,0.03222015570183491,0.0001,65.29688864787889,0.9091276665762269,False
mass,C5,0.5,gaussian D-027,D-027,0.03222015570183491,0.001,20.635342106249826,1.2684190496451782,False
mass,C5,0.5,gaussian D-027,D-027,0.03222015570183491,0.01,6.277257927947794,1.4462211598605108,False
mass,C5,0.5,gaussian D-027,D-027,0.03222015570183491,0.025,4.100438523267525,1.4970173167769332,False
mass,C5,0.5,gaussian D-027,D-027,0.03222015570183491,0.05,3.0590605709311074,1.5394715660447034,False
mass,C5,0.5,gaussian D-027,D-027,0.03222015570183491,0.1,2.327450063693276,1.5777341901324229,False
mass,C5,0.5,gaussian D-027,D-027,0.03222015570183491,0.0,300.8877043153014,0.0,False
mass,C5,0.2,linear,paper,,1e-05,4.695777332898376,2.1327352755429083,False
mass,C5,0.2,linear,paper,,0.0001,4.68656496422226,2.1327352824884493,False
mass,C5,0.2,linear,paper,,0.001,4.596392074637059,2.1327359445754523,False
mass,C5,0.2,linear,paper,,0.01,3.8547756071004393,2.1327829550355637,False
mass,C5,0.2,linear,paper,,0.025,3.038040987736378,2.1329263540354275,False
mass,C5,0.2,linear,paper,,0.05,2.2456335505526,2.1331758971848163,False
mass,C5,0.2,linear,paper,,0.1,1.5246910554865452,2.1335683203702005,False
mass,C5,0.2,gaussian 0.25,paper,0.024787202249960935,1e-05,166.84236879655913,0.6131225979481861,False
mass,C5,0.2,gaussian 0.25,paper,0.024787202249960935,0.0001,67.43426680793137,0.9373272750316864,False
mass,C5,0.2,gaussian 0.25,paper,0.024787202249960935,0.001,20.929783854312923,1.3116873194731553,False
mass,C5,0.2,gaussian 0.25,paper,0.024787202249960935,0.01,6.669741768135057,1.4950756395193647,False
mass,C5,0.2,gaussian 0.25,paper,0.024787202249960935,0.025,3.924594757644251,1.5322296460596703,False
mass,C5,0.2,gaussian 0.25,paper,0.024787202249960935,0.05,2.6534508282268328,1.5631359224042145,False
mass,C5,0.2,gaussian 0.25,paper,0.024787202249960935,0.1,1.8638548590858348,1.606201474109748,False
mass,C5,0.2,gaussian 0.5,paper,0.04957440449992187,1e-05,109.20260458188137,0.1681440628992737,False
mass,C5,0.2,gaussian 0.5,paper,0.04957440449992187,0.0001,55.421709390656574,0.6166440790061968,False
mass,C5,0.2,gaussian 0.5,paper,0.04957440449992187,0.001,21.61557460783822,0.9896096810351973,False
mass,C5,0.2,gaussian 0.5,paper,0.04957440449992187,0.01,7.008314984931495,1.363387005246774,False
mass,C5,0.2,gaussian 0.5,paper,0.04957440449992187,0.025,4.5025747959240805,1.4460925150069353,False
mass,C5,0.2,gaussian 0.5,paper,0.04957440449992187,0.05,3.096372031676289,1.489276010225771,False
mass,C5,0.2,gaussian 0.5,paper,0.04957440449992187,0.1,2.086216828975468,1.521619742927431,False
mass,C5,0.2,gaussian 1,paper,0.09914880899984374,1e-05,45.86748112001752,0.02968630553649076,True
mass,C5,0.2,gaussian 1,paper,0.09914880899984374,0.0001,36.322004915985126,0.20679454050063698,False
mass,C5,0.2,gaussian 1,paper,0.09914880899984374,0.001,19.227120447094876,0.6443633702810553,False
mass,C5,0.2,gaussian 1,paper,0.09914880899984374,0.01,6.714057783659412,1.099508845643169,False
mass,C5,0.2,gaussian 1,paper,0.09914880899984374,0.025,4.359050797406119,1.260711951683633,False
mass,C5,0.2,gaussian 1,paper,0.09914880899984374,0.05,3.229754149034754,1.3545221501241895,False
mass,C5,0.2,gaussian 1,paper,0.09914880899984374,0.1,2.335497443483179,1.4252393971183195,False
mass,C5,0.2,gaussian 2,paper,0.19829761799968748,1e-05,19.468143019177116,0.005198042303932263,True
mass,C5,0.2,gaussian 2,paper,0.19829761799968748,0.0001,18.511966862951294,0.04766362145644948,False
mass,C5,0.2,gaussian 2,paper,0.19829761799968748,0.001,13.590276926549675,0.2888667174384194,False
mass,C5,0.2,gaussian 2,paper,0.19829761799968748,0.01,6.712080589064308,0.7538449836281089,False
mass,C5,0.2,gaussian 2,paper,0.19829761799968748,0.025,4.376671105517862,0.9598534209508648,False
mass,C5,0.2,gaussian 2,paper,0.19829761799968748,0.05,3.0198926465740294,1.1120611066800883,False
mass,C5,0.2,gaussian 2,paper,0.19829761799968748,0.1,2.2501734296557676,1.2409428641636273,False
mass,C5,0.2,gaussian 4,paper,0.39659523599937496,1e-05,8.401593892798038,0.0010218271474617465,True
mass,C5,0.2,gaussian 4,paper,0.39659523599937496,0.0001,8.324277255034442,0.009979049020367652,True
mass,C5,0.2,gaussian 4,paper,0.39659523599937496,0.001,7.695070259989946,0.08230987752362141,False
mass,C5,0.2,gaussian 4,paper,0.39659523599937496,0.01,5.35139092343309,0.4080434663981902,False
mass,C5,0.2,gaussian 4,paper,0.39659523599937496,0.025,4.10352272704675,0.6083340705870881,False
mass,C5,0.2,gaussian 4,paper,0.39659523599937496,0.05,3.1264743431728483,0.7669024421887722,False
mass,C5,0.2,gaussian 4,paper,0.39659523599937496,0.1,2.237829861352847,0.9435281052221556,False
mass,C5,0.2,gaussian 8,paper,0.7931904719987499,1e-05,4.110709324917112,0.00026579281958911174,True
mass,C5,0.2,gaussian 8,paper,0.7931904719987499,0.0001,4.103493311691992,0.0026357264004462236,True
mass,C5,0.2,gaussian 8,paper,0.7931904719987499,0.001,4.034579964393343,0.024344297730319972,True
mass,C5,0.2,gaussian 8,paper,0.7931904719987499,0.01,3.5360871505528806,0.15578194368438988,False
mass,C5,0.2,gaussian 8,paper,0.7931904719987499,0.025,3.0790880853284834,0.30058638905085056,False
mass,C5,0.2,gaussian 8,paper,0.7931904719987499,0.05,2.651265996271217,0.4484586792460646,False
mass,C5,0.2,gaussian 8,paper,0.7931904719987499,0.1,2.162074559731995,0.6093330692674219,False
mass,C5,0.2,gaussian 16,paper,1.5863809439974998,1e-05,2.4237011932839216,0.00010038860792810616,True
mass,C5,0.2,gaussian 16,paper,1.5863809439974998,0.0001,2.4225397522016543,0.0010004106024734734,True
mass,C5,0.2,gaussian 16,paper,1.5863809439974998,0.001,2.4111318558199843,0.009669494273301413,True
mass,C5,0.2,gaussian 16,paper,1.5863809439974998,0.01,2.3119828785407712,0.07255933991737216,False
mass,C5,0.2,gaussian 16,paper,1.5863809439974998,0.025,2.185226804554195,0.12948930094946626,False
mass,C5,0.2,gaussian 16,paper,1.5863809439974998,0.05,2.0326466314048264,0.22154774223081497,False
mass,C5,0.2,gaussian 16,paper,1.5863809439974998,0.1,1.8245062755066022,0.35566233322708274,False
mass,C5,0.2,gaussian 32,paper,3.1727618879949997,1e-05,2.0608080106691125,4.907145785687803e-05,True
mass,C5,0.2,gaussian 32,paper,3.1727618879949997,0.0001,2.060642693478441,0.0004899171092002773,True
mass,C5,0.2,gaussian 32,paper,3.1727618879949997,0.001,2.058992490529799,0.0048208814861776745,True
mass,C5,0.2,gaussian 32,paper,3.1727618879949997,0.01,2.0427573722678445,0.041611464222651155,True
mass,C5,0.2,gaussian 32,paper,3.1727618879949997,0.025,2.016607693573972,0.08510632330248624,False
mass,C5,0.2,gaussian 32,paper,3.1727618879949997,0.05,1.975106072445612,0.13304804008257512,False
mass,C5,0.2,gaussian 32,paper,3.1727618879949997,0.1,1.8984616489982695,0.20925161328798794,False
mass,C5,0.2,gaussian 64,paper,6.345523775989999,1e-05,2.22286455816141,2.621493539525161e-05,True
mass,C5,0.2,gaussian 64,paper,6.345523775989999,0.0001,2.222681602260666,0.00026194614283273613,True
mass,C5,0.2,gaussian 64,paper,6.345523775989999,0.001,2.2208537836227253,0.0025993452665405924,True
mass,C5,0.2,gaussian 64,paper,6.345523775989999,0.01,2.2027478976062262,0.024169973285891985,True
mass,C5,0.2,gaussian 64,paper,6.345523775989999,0.025,2.173250620437798,0.054389189576892386,False
mass,C5,0.2,gaussian 64,paper,6.345523775989999,0.05,2.125887449007493,0.10178614961950316,False
mass,C5,0.2,gaussian 64,paper,6.345523775989999,0.1,2.0373608046372262,0.19479708135243268,False
mass,C5,0.2,gaussian 128,extended,12.691047551979999,1e-05,2.2917457219216266,2.243555453158901e-05,True
mass,C5,0.2,gaussian 128,extended,12.691047551979999,0.0001,2.2915485436951224,0.000224335911141629,True
mass,C5,0.2,gaussian 128,extended,12.691047551979999,0.001,2.289578673238524,0.0022413976388730586,True
mass,C5,0.2,gaussian 128,extended,12.691047551979999,0.01,2.2700692690657336,0.022219751106923705,True
mass,C5,0.2,gaussian 128,extended,12.691047551979999,0.025,2.238299985310129,0.05475897902421182,False
mass,C5,0.2,gaussian 128,extended,12.691047551979999,0.05,2.187328483754311,0.10698281266367288,False
mass,C5,0.2,gaussian 128,extended,12.691047551979999,0.1,2.092199336693615,0.20450803670492346,False
mass,C5,0.2,gaussian 256,extended,25.382095103959998,1e-05,2.317782259548714,2.2879505714091472e-05,True
mass,C5,0.2,gaussian 256,extended,25.382095103959998,0.0001,2.3175794994726386,0.00022877478155293633,True
mass,C5,0.2,gaussian 256,extended,25.382095103959998,0.001,2.3155538876837816,0.002285722250960928,True
mass,C5,0.2,gaussian 256,extended,25.382095103959998,0.01,2.2954947026593433,0.022656640560953935,True
mass,C5,0.2,gaussian 256,extended,25.382095103959998,0.025,2.2628391167212474,0.05582530348941405,False
mass,C5,0.2,gaussian 256,extended,25.382095103959998,0.05,2.2104692991035444,0.10903268448033654,False
mass,C5,0.2,gaussian 256,extended,25.382095103959998,0.1,2.112810518187915,0.20830353373848545,False
mass,C5,0.2,gaussian 512,extended,50.764190207919995,1e-05,2.332950715026681,2.306897474982824e-05,True
mass,C5,0.2,gaussian 512,extended,50.764190207919995,0.0001,2.3327458440088407,0.00023066929388977387,True
mass,C5,0.2,gaussian 512,extended,50.764190207919995,0.001,2.330699139586148,0.0023046495874020118,True
mass,C5,0.2,gaussian 512,extended,50.764190207919995,0.01,2.310430693441776,0.02284415025556415,True
mass,C5,0.2,gaussian 512,extended,50.764190207919995,0.025,2.277432937098737,0.056286878227866724,False
mass,C5,0.2,gaussian 512,extended,50.764190207919995,0.05,2.2245104802493,0.10993263512465108,False
mass,C5,0.2,gaussian 512,extended,50.764190207919995,0.1,2.125808241601901,0.21001624134818295,False
mass,C5,0.2,gaussian D-027,D-027,0.03222015570183491,1e-05,149.11737286070377,0.4225567042072209,False
mass,C5,0.2,gaussian D-027,D-027,0.03222015570183491,0.0001,64.90161803439385,0.8402047244063153,False
mass,C5,0.2,gaussian D-027,D-027,0.03222015570183491,0.001,19.958069979228153,1.207665092328911,False
mass,C5,0.2,gaussian D-027,D-027,0.03222015570183491,0.01,6.983017830546778,1.4580580051934104,False
mass,C5,0.2,gaussian D-027,D-027,0.03222015570183491,0.025,4.182458571181362,1.5066746348746023,False
mass,C5,0.2,gaussian D-027,D-027,0.03222015570183491,0.05,2.8051892887895473,1.5346551434945808,False
mass,C5,0.2,gaussian D-027,D-027,0.03222015570183491,0.1,1.8879590099888204,1.5687484030823091,False
mass,C5,0.2,gaussian D-027,D-027,0.03222015570183491,0.0,268.5408865072518,0.0,False
mass,C5,0.1,linear,paper,,1e-05,4.967300175335837,3.0653288900806,False
mass,C5,0.1,linear,paper,,0.0001,4.9576061517826915,3.0653289032013045,False
mass,C5,0.1,linear,paper,,0.001,4.862726872350799,3.065330158733409,False
mass,C5,0.1,linear,paper,,0.01,4.083095556478104,3.0654200043642645,False
mass,C5,0.1,linear,paper,,0.025,3.2274807366167653,3.065697280637441,False
mass,C5,0.1,linear,paper,,0.05,2.4113636551637265,3.066190347034645,False
mass,C5,0.1,linear,paper,,0.1,1.7999555343887335,3.0670071094592237,False
mass,C5,0.1,gaussian 0.25,paper,0.024787202249960935,1e-05,148.77983577085553,0.4800474818028753,False
mass,C5,0.1,gaussian 0.25,paper,0.024787202249960935,0.0001,55.16869531797684,0.8451747237450291,False
mass,C5,0.1,gaussian 0.25,paper,0.024787202249960935,0.001,18.535197212351928,1.0918529443227514,False
mass,C5,0.1,gaussian 0.25,paper,0.024787202249960935,0.01,6.221645361933867,1.2834058565572306,False
mass,C5,0.1,gaussian 0.25,paper,0.024787202249960935,0.025,4.145858351398192,1.3410479961754054,False
mass,C5,0.1,gaussian 0.25,paper,0.024787202249960935,0.05,3.1070228790996555,1.3776561333234996,False
mass,C5,0.1,gaussian 0.25,paper,0.024787202249960935,0.1,2.3254725944760266,1.4060589289268606,False
mass,C5,0.1,gaussian 0.5,paper,0.04957440449992187,1e-05,84.54558969318968,0.14333854560925624,False
mass,C5,0.1,gaussian 0.5,paper,0.04957440449992187,0.0001,46.053883313185295,0.4696318301920609,False
mass,C5,0.1,gaussian 0.5,paper,0.04957440449992187,0.001,17.98337759389592,0.8314613246839663,False
mass,C5,0.1,gaussian 0.5,paper,0.04957440449992187,0.01,6.2115269498047425,1.126570260946063,False
mass,C5,0.1,gaussian 0.5,paper,0.04957440449992187,0.025,4.016258809203438,1.209199920079236,False
mass,C5,0.1,gaussian 0.5,paper,0.04957440449992187,0.05,2.8399595002659734,1.2633192656058838,False
mass,C5,0.1,gaussian 0.5,paper,0.04957440449992187,0.1,2.09180193057145,1.3135837528079617,False
mass,C5,0.1,gaussian 1,paper,0.09914880899984374,1e-05,36.79034481537477,0.025953308819585207,True
mass,C5,0.1,gaussian 1,paper,0.09914880899984374,0.0001,27.802429374519747,0.17250436207824435,False
mass,C5,0.1,gaussian 1,paper,0.09914880899984374,0.001,15.172425627675311,0.4834054612189322,False
mass,C5,0.1,gaussian 1,paper,0.09914880899984374,0.01,5.753772739251904,0.8701738481420993,False
mass,C5,0.1,gaussian 1,paper,0.09914880899984374,0.025,3.84546237979534,1.0085300533149322,False
mass,C5,0.1,gaussian 1,paper,0.09914880899984374,0.05,2.875435018513437,1.0899336089545228,False
mass,C5,0.1,gaussian 1,paper,0.09914880899984374,0.1,2.0920520185041163,1.1578703803826564,False
mass,C5,0.1,gaussian 2,paper,0.19829761799968748,1e-05,15.304142804884284,0.0045222612509516315,True
mass,C5,0.1,gaussian 2,paper,0.19829761799968748,0.0001,14.333022537388759,0.04099753035342368,True
mass,C5,0.1,gaussian 2,paper,0.19829761799968748,0.001,9.899740723138954,0.22702636899789572,False
mass,C5,0.1,gaussian 2,paper,0.19829761799968748,0.01,5.146587823949961,0.5468971026273203,False
mass,C5,0.1,gaussian 2,paper,0.19829761799968748,0.025,3.5713074730070637,0.6994229901618452,False
mass,C5,0.1,gaussian 2,paper,0.19829761799968748,0.05,2.5820295422156367,0.8251004167342555,False
mass,C5,0.1,gaussian 2,paper,0.19829761799968748,0.1,1.9193687517509044,0.9409181806766013,False
mass,C5,0.1,gaussian 4,paper,0.39659523599937496,1e-05,6.500079913144256,0.0008842677023552961,True
mass,C5,0.1,gaussian 4,paper,0.39659523599937496,0.0001,6.411779484369874,0.008622785917820647,True
mass,C5,0.1,gaussian 4,paper,0.39659523599937496,0.001,5.745736628097504,0.06970186649109981,False
mass,C5,0.1,gaussian 4,paper,0.39659523599937496,0.01,3.7169971777865465,0.30095078659296715,False
mass,C5,0.1,gaussian 4,paper,0.39659523599937496,0.025,2.9154758527642244,0.43655950778921676,False
mass,C5,0.1,gaussian 4,paper,0.39659523599937496,0.05,2.3272316736227996,0.54148877814209,False
mass,C5,0.1,gaussian 4,paper,0.39659523599937496,0.1,1.7850276247508008,0.6638463805141228,False
mass,C5,0.1,gaussian 8,paper,0.7931904719987499,1e-05,3.0625677943689813,0.00021890930722701403,True
mass,C5,0.1,gaussian 8,paper,0.7931904719987499,0.0001,3.053188856578075,0.002171232906481003,True
mass,C5,0.1,gaussian 8,paper,0.7931904719987499,0.001,2.968984306778081,0.02009116665728716,True
mass,C5,0.1,gaussian 8,paper,0.7931904719987499,0.01,2.502540570765201,0.12286037655701673,False
mass,C5,0.1,gaussian 8,paper,0.7931904719987499,0.025,2.1397982083211122,0.21762925264166644,False
mass,C5,0.1,gaussian 8,paper,0.7931904719987499,0.05,1.8427665966191307,0.31705713925981116,False
mass,C5,0.1,gaussian 8,paper,0.7931904719987499,0.1,1.5270001978681733,0.42771301509530135,False
mass,C5,0.1,gaussian 16,paper,1.5863809439974998,1e-05,2.293475382760671,7.533793487758454e-05,True
mass,C5,0.1,gaussian 16,paper,1.5863809439974998,0.0001,2.2933485442367467,0.0007507971553466604,True
mass,C5,0.1,gaussian 16,paper,1.5863809439974998,0.001,2.292082811551836,0.007259452986300616,True
mass,C5,0.1,gaussian 16,paper,1.5863809439974998,0.01,2.2796262666465497,0.05475812717220153,False
mass,C5,0.1,gaussian 16,paper,1.5863809439974998,0.025,2.259450581547375,0.09963492818969906,False
mass,C5,0.1,gaussian 16,paper,1.5863809439974998,0.05,2.2271230365276855,0.15514157149313457,False
mass,C5,0.1,gaussian 16,paper,1.5863809439974998,0.1,2.1665917783105515,0.24403196700273122,False
mass,C5,0.1,gaussian 32,paper,3.1727618879949997,1e-05,2.936563864408635,3.455263772190436e-05,True
mass,C5,0.1,gaussian 32,paper,3.1727618879949997,0.0001,2.9363532308748326,0.00034495399075814317,True
mass,C5,0.1,gaussian 32,paper,3.1727618879949997,0.001,2.93424879423878,0.003393335101593586,True
mass,C5,0.1,gaussian 32,paper,3.1727618879949997,0.01,2.913391547456844,0.02918797680053613,True
mass,C5,0.1,gaussian 32,paper,3.1727618879949997,0.025,2.879362327249548,0.06465147571628985,False
mass,C5,0.1,gaussian 32,paper,3.1727618879949997,0.05,2.8245796542284247,0.12659624413150605,False
mass,C5,0.1,gaussian 32,paper,3.1727618879949997,0.1,2.7216784911868324,0.2432380269046,False
mass,C5,0.1,gaussian 64,paper,6.345523775989999,1e-05,3.285596375663456,3.1656975686382195e-05,True
mass,C5,0.1,gaussian 64,paper,6.345523775989999,0.0001,3.285322935085174,0.00031654279711991554,True
mass,C5,0.1,gaussian 64,paper,6.345523775989999,0.001,3.28259111399542,0.0031627346846349914,True
mass,C5,0.1,gaussian 64,paper,6.345523775989999,0.01,3.2555288266449876,0.031360659661999,True
mass,C5,0.1,gaussian 64,paper,6.345523775989999,0.025,3.2114341786068348,0.07731616614956176,False
mass,C5,0.1,gaussian 64,paper,6.345523775989999,0.05,3.140617741862751,0.15114863209749313,False
mass,C5,0.1,gaussian 64,paper,6.345523775989999,0.1,3.0082132330770235,0.2892834600764536,False
mass,C5,0.1,gaussian 128,extended,12.691047551979999,1e-05,3.410783368230846,3.369670333930695e-05,True
mass,C5,0.1,gaussian 128,extended,12.691047551979999,0.0001,3.4104840070117413,0.00033693729455675663,True
mass,C5,0.1,gaussian 128,extended,12.691047551979999,0.001,3.40749330566377,0.003366401966875709,True
mass,C5,0.1,gaussian 128,extended,12.691047551979999,0.01,3.377874526455524,0.0333697979674697,True
mass,C5,0.1,gaussian 128,extended,12.691047551979999,0.025,3.329646476744937,0.08222691772748228,False
mass,C5,0.1,gaussian 128,extended,12.691047551979999,0.05,3.2522777799235545,0.160612061070565,False
mass,C5,0.1,gaussian 128,extended,12.691047551979999,0.1,3.1079190520645863,0.3068914760523043,False
mass,C5,0.1,gaussian 256,extended,25.382095103959998,1e-05,3.4519557579087476,3.440681572524003e-05,True
mass,C5,0.1,gaussian 256,extended,25.382095103959998,0.0001,3.451647166295083,0.0003440373751754363,True
mass,C5,0.1,gaussian 256,extended,25.382095103959998,0.001,3.4485642853415444,0.0034372985736033273,True
mass,C5,0.1,gaussian 256,extended,25.382095103959998,0.01,3.418036005609888,0.034068467615624855,True
mass,C5,0.1,gaussian 256,extended,25.382095103959998,0.025,3.368340436109665,0.08393191022349197,False
mass,C5,0.1,gaussian 256,extended,25.382095103959998,0.05,3.2886529497459454,0.16388958069765158,False
mass,C5,0.1,gaussian 256,extended,25.382095103959998,0.1,3.140088424173712,0.31296112303721446,False
mass,C5,0.1,gaussian 512,extended,50.764190207919995,1e-05,3.4631629322929993,3.461677886601776e-05,True
mass,C5,0.1,gaussian 512,extended,50.764190207919995,0.0001,3.462851548734782,0.00034613666110950344,True
mass,C5,0.1,gaussian 512,extended,50.764190207919995,0.001,3.459740790478803,0.0034582569324213175,True
mass,C5,0.1,gaussian 512,extended,50.764190207919995,0.01,3.428937898749986,0.034274647441029614,True
mass,C5,0.1,gaussian 512,extended,50.764190207919995,0.025,3.378800933465358,0.08443363131709718,False
mass,C5,0.1,gaussian 512,extended,50.764190207919995,0.05,3.298420347477605,0.16484964092713017,False
mass,C5,0.1,gaussian 512,extended,50.764190207919995,0.1,3.148612618634285,0.31472380232228986,False
mass,C5,0.1,gaussian D-027,D-027,0.03222015570183491,1e-05,127.96509559518827,0.3207731074108261,False
mass,C5,0.1,gaussian D-027,D-027,0.03222015570183491,0.0001,53.29395608028687,0.7185152476983844,False
mass,C5,0.1,gaussian D-027,D-027,0.03222015570183491,0.001,18.712693836359,1.0081129067781582,False
mass,C5,0.1,gaussian D-027,D-027,0.03222015570183491,0.01,6.282052600474753,1.2321951551185306,False
mass,C5,0.1,gaussian D-027,D-027,0.03222015570183491,0.025,4.025617580259544,1.297181623863847,False
mass,C5,0.1,gaussian D-027,D-027,0.03222015570183491,0.05,2.9675919695417985,1.3413479792377412,False
mass,C5,0.1,gaussian D-027,D-027,0.03222015570183491,0.1,2.2417837308349666,1.378964584145473,False
mass,C5,0.1,gaussian D-027,D-027,0.03222015570183491,0.0,213.88380992955135,0.0,False
mass,C5,0.05,linear,paper,,1e-05,4.957369590217472,6.31807384508755,False
mass,C5,0.05,linear,paper,,0.0001,4.94781457417359,6.318073849591302,False
mass,C5,0.05,linear,paper,,0.001,4.85431217992096,6.318074270326488,False
mass,C5,0.05,linear,paper,,0.01,4.086990766147603,6.318105541369558,False
mass,C5,0.05,linear,paper,,0.025,3.2479176858382193,6.318209425892046,False
mass,C5,0.05,linear,paper,,0.05,2.569492288147479,6.318418310468843,False
mass,C5,0.05,linear,paper,,0.1,2.233789615028932,6.318837118639202,False
mass,C5,0.05,gaussian 0.25,paper,0.024787202249960935,1e-05,119.75591061822306,0.29450242919550546,False
mass,C5,0.05,gaussian 0.25,paper,0.024787202249960935,0.0001,50.52242782672176,0.6672401076913215,False
mass,C5,0.05,gaussian 0.25,paper,0.024787202249960935,0.001,18.8276669975272,0.9889074520395915,False
mass,C5,0.05,gaussian 0.25,paper,0.024787202249960935,0.01,7.107101080146416,1.2794329691422262,False
mass,C5,0.05,gaussian 0.25,paper,0.024787202249960935,0.025,5.188992831343814,1.374941864072002,False
mass,C5,0.05,gaussian 0.25,paper,0.024787202249960935,0.05,3.9824731154425685,1.4298954872293288,False
mass,C5,0.05,gaussian 0.25,paper,0.024787202249960935,0.1,2.9407710134991385,1.476041798866997,False
mass,C5,0.05,gaussian 0.5,paper,0.04957440449992187,1e-05,52.26110468258603,0.058851711634742225,False
mass,C5,0.05,gaussian 0.5,paper,0.04957440449992187,0.0001,35.94445423462091,0.2668193549869718,False
mass,C5,0.05,gaussian 0.5,paper,0.04957440449992187,0.001,16.334761669761402,0.6292963587332168,False
mass,C5,0.05,gaussian 0.5,paper,0.04957440449992187,0.01,6.463264112809567,0.9878121009549624,False
mass,C5,0.05,gaussian 0.5,paper,0.04957440449992187,0.025,4.145518504023906,1.1304134418192018,False
mass,C5,0.05,gaussian 0.5,paper,0.04957440449992187,0.05,2.9532584292492214,1.2359290044086044,False
mass,C5,0.05,gaussian 0.5,paper,0.04957440449992187,0.1,2.3692374317637808,1.3265260915682895,False
mass,C5,0.05,gaussian 1,paper,0.09914880899984374,1e-05,15.98418798291532,0.007491336215685887,True
mass,C5,0.05,gaussian 1,paper,0.09914880899984374,0.0001,14.501120914485908,0.05433543006528828,False
mass,C5,0.05,gaussian 1,paper,0.09914880899984374,0.001,10.224173552967757,0.23352662748827213,False
mass,C5,0.05,gaussian 1,paper,0.09914880899984374,0.01,5.309641820875164,0.5714645727101152,False
mass,C5,0.05,gaussian 1,paper,0.09914880899984374,0.025,3.8862025808411413,0.708120998817172,False
mass,C5,0.05,gaussian 1,paper,0.09914880899984374,0.05,2.990162921264402,0.8392854498408184,False
mass,C5,0.05,gaussian 1,paper,0.09914880899984374,0.1,2.198133743174155,0.9788829809160007,False
mass,C5,0.05,gaussian 2,paper,0.19829761799968748,1e-05,5.681946422062156,0.001238014681095986,True
mass,C5,0.05,gaussian 2,paper,0.19829761799968748,0.0001,5.590489676242945,0.011214989576750548,True
mass,C5,0.05,gaussian 2,paper,0.19829761799968748,0.001,5.056652082373348,0.06538402295776458,False
mass,C5,0.05,gaussian 2,paper,0.19829761799968748,0.01,3.4786201149893583,0.2528823274211588,False
mass,C5,0.05,gaussian 2,paper,0.19829761799968748,0.025,2.642707910334418,0.39128179074640523,False
mass,C5,0.05,gaussian 2,paper,0.19829761799968748,0.05,2.214902334292481,0.5067555148024385,False
mass,C5,0.05,gaussian 2,paper,0.19829761799968748,0.1,1.859039580002963,0.6166745426237185,False
mass,C5,0.05,gaussian 4,paper,0.39659523599937496,1e-05,2.3755204700304646,0.00023895524134550782,True
mass,C5,0.05,gaussian 4,paper,0.39659523599937496,0.0001,2.369884719070193,0.0023273262090315193,True
mass,C5,0.05,gaussian 4,paper,0.39659523599937496,0.001,2.323962532268933,0.018621147883269996,True
mass,C5,0.05,gaussian 4,paper,0.39659523599937496,0.01,2.2159183008385575,0.08978792306690825,False
mass,C5,0.05,gaussian 4,paper,0.39659523599937496,0.025,2.1830504715968733,0.15427747449007903,False
mass,C5,0.05,gaussian 4,paper,0.39659523599937496,0.05,2.1455655315568634,0.23236111235282483,False
mass,C5,0.05,gaussian 4,paper,0.39659523599937496,0.1,2.091956973894144,0.33791819726702477,False
mass,C5,0.05,gaussian 8,paper,0.7931904719987499,1e-05,3.35719003303781,6.627265620542891e-05,True
mass,C5,0.05,gaussian 8,paper,0.7931904719987499,0.0001,3.356998665726184,0.0006570113117794848,True
mass,C5,0.05,gaussian 8,paper,0.7931904719987499,0.001,3.3551008957238886,0.0060495364147730175,True
mass,C5,0.05,gaussian 8,paper,0.7931904719987499,0.01,3.3370772228408496,0.03463272877626905,True
mass,C5,0.05,gaussian 8,paper,0.7931904719987499,0.025,3.309109670416105,0.06554272841891805,False
mass,C5,0.05,gaussian 8,paper,0.7931904719987499,0.05,3.2660121550772496,0.12349602218306291,False
mass,C5,0.05,gaussian 8,paper,0.7931904719987499,0.1,3.188748863317466,0.23208627319760278,False
mass,C5,0.05,gaussian 16,paper,1.5863809439974998,1e-05,4.744357719054323,3.926309843266335e-05,True
mass,C5,0.05,gaussian 16,paper,1.5863809439974998,0.0001,4.744069919479608,0.0003925831008591427,True
mass,C5,0.05,gaussian 16,paper,1.5863809439974998,0.001,4.741195274319365,0.003921245744577404,True
mass,C5,0.05,gaussian 16,paper,1.5863809439974998,0.01,4.712755450387047,0.038847496546498425,True
mass,C5,0.05,gaussian 16,paper,1.5863809439974998,0.025,4.666448414630619,0.09585993977868712,False
mass,C5,0.05,gaussian 16,paper,1.5863809439974998,0.05,4.591962055185869,0.18790152865013132,False
mass,C5,0.05,gaussian 16,paper,1.5863809439974998,0.1,4.451924350430965,0.36190832091298486,False
mass,C5,0.05,gaussian 32,paper,3.1727618879949997,1e-05,5.817499612748163,5.39353380219843e-05,True
mass,C5,0.05,gaussian 32,paper,3.1727618879949997,0.0001,5.817051333528151,0.0005393100038636639,True
mass,C5,0.05,gaussian 32,paper,3.1727618879949997,0.001,5.812572582793372,0.005388766627015087,True
mass,C5,0.05,gaussian 32,paper,3.1727618879949997,0.01,5.768185233576354,0.05345846299164182,False
mass,C5,0.05,gaussian 32,paper,3.1727618879949997,0.025,5.695784632769069,0.13189793803562305,False
mass,C5,0.05,gaussian 32,paper,3.1727618879949997,0.05,5.579304200851957,0.25817817474845733,False
mass,C5,0.05,gaussian 32,paper,3.1727618879949997,0.1,5.3608226564130055,0.49532227564410364,False
mass,C5,0.05,gaussian 64,paper,6.345523775989999,1e-05,6.28788761215861,6.157617003420256e-05,True
mass,C5,0.05,gaussian 64,paper,6.345523775989999,0.0001,6.287345301355184,0.0006157081424169734,True
mass,C5,0.05,gaussian 64,paper,6.345523775989999,0.001,6.281927398345614,0.006151730797553582,True
mass,C5,0.05,gaussian 64,paper,6.345523775989999,0.01,6.228263833680097,0.060987360993570904,False
mass,C5,0.05,gaussian 64,paper,6.345523775989999,0.025,6.140857739626073,0.15031073028522057,False
mass,C5,0.05,gaussian 64,paper,6.345523775989999,0.05,6.000570676980025,0.2936965975615304,False
mass,C5,0.05,gaussian 64,paper,6.345523775989999,0.1,5.738588828209858,0.561537893379871,False
mass,C5,0.05,gaussian 128,extended,12.691047551979999,1e-05,6.41679831378856,6.382255420041601e-05,True
mass,C5,0.05,gaussian 128,extended,12.691047551979999,0.0001,6.416227111023459,0.0006381686245315516,True
mass,C5,0.05,gaussian 128,extended,12.691047551979999,0.001,6.410520686756039,0.006376000088031446,True
mass,C5,0.05,gaussian 128,extended,12.691047551979999,0.01,6.354011274676021,0.063196920138624,False
mass,C5,0.05,gaussian 128,extended,12.691047551979999,0.025,6.262016539810796,0.15570068869627995,False
mass,C5,0.05,gaussian 128,extended,12.691047551979999,0.05,6.114486849112472,0.3040517031532674,False
mass,C5,0.05,gaussian 128,extended,12.691047551979999,0.1,5.839390802018659,0.5806960043856629,False
mass,C5,0.05,gaussian 256,extended,25.382095103959998,1e-05,6.449362084330561,6.440949334033584e-05,True
mass,C5,0.05,gaussian 256,extended,25.382095103959998,0.0001,6.448783219542524,0.0006440371002671917,True
mass,C5,0.05,gaussian 256,extended,25.382095103959998,0.001,6.443000284980593,0.0064345933983869195,True
mass,C5,0.05,gaussian 256,extended,25.382095103959998,0.01,6.385736629568575,0.06377382650196496,False
mass,C5,0.05,gaussian 256,extended,25.382095103959998,0.025,6.292527388996761,0.157106500526262,False
mass,C5,0.05,gaussian 256,extended,25.382095103959998,0.05,6.143084985652711,0.30674788894298166,False
mass,C5,0.05,gaussian 256,extended,25.382095103959998,0.1,5.8645396032445065,0.5856678036728631,False
mass,C5,0.05,gaussian 512,extended,50.764190207919995,1e-05,6.456736435403576,6.454598828402635e-05,True
mass,C5,0.05,gaussian 512,extended,50.764190207919995,0.0001,6.456155774749021,0.0006454018273765682,True
mass,C5,0.05,gaussian 512,extended,50.764190207919995,0.001,6.450354908448777,0.0064482184670500275,True
mass,C5,0.05,gaussian 512,extended,50.764190207919995,0.01,6.392914594004914,0.06390788689676874,False
mass,C5,0.05,gaussian 512,extended,50.764190207919995,0.025,6.299421326871706,0.15743281876001983,False
mass,C5,0.05,gaussian 512,extended,50.764190207919995,0.05,6.149532718202231,0.3073726195214461,False
mass,C5,0.05,gaussian 512,extended,50.764190207919995,0.1,5.870186171607912,0.5868160095442202,False
mass,C5,0.05,gaussian D-027,D-027,0.03222015570183491,1e-05,93.69557719413012,0.1778390427239261,False
mass,C5,0.05,gaussian D-027,D-027,0.03222015570183491,0.0001,47.05221452137526,0.5128934829771578,False
mass,C5,0.05,gaussian D-027,D-027,0.03222015570183491,0.001,18.229009420190252,0.8707631098599918,False
mass,C5,0.05,gaussian D-027,D-027,0.03222015570183491,0.01,6.55036988236816,1.185919753210225,False
mass,C5,0.05,gaussian D-027,D-027,0.03222015570183491,0.025,4.561198806770699,1.303009975218134,False
mass,C5,0.05,gaussian D-027,D-027,0.03222015570183491,0.05,3.662597828712745,1.3748475317394055,False
mass,C5,0.05,gaussian D-027,D-027,0.03222015570183491,0.1,2.8511676519168074,1.4298471350734545,False
mass,C5,0.05,gaussian D-027,D-027,0.03222015570183491,0.0,126.41151073626706,0.0,False
mass,C5,0.02,linear,paper,,1e-05,3.7978511056570925,10.619037212347205,False
mass,C5,0.02,linear,paper,,0.0001,3.7912226531568285,10.619037212887585,False
mass,C5,0.02,linear,paper,,0.001,3.7264619183076984,10.619037241337237,False
mass,C5,0.02,linear,paper,,0.01,3.203522222605849,10.619039902671098,False
mass,C5,0.02,linear,paper,,0.025,2.661941886463554,10.619052383289727,False
mass,C5,0.02,linear,paper,,0.05,2.2050859188146883,10.619089017511076,False
mass,C5,0.02,linear,paper,,0.1,1.8166405888445705,10.619194008311661,False
mass,C5,0.02,gaussian 0.25,paper,0.024787202249960935,1e-05,38.08554091193233,0.07106946504282273,False
mass,C5,0.02,gaussian 0.25,paper,0.024787202249960935,0.0001,20.26199751620795,0.20315960591446794,False
mass,C5,0.02,gaussian 0.25,paper,0.024787202249960935,0.001,10.585245880377874,0.36520176484026057,False
mass,C5,0.02,gaussian 0.25,paper,0.024787202249960935,0.01,4.770088027272506,0.6237884822528926,False
mass,C5,0.02,gaussian 0.25,paper,0.024787202249960935,0.025,3.644169981139291,0.7327562844745004,False
mass,C5,0.02,gaussian 0.25,paper,0.024787202249960935,0.05,2.8460743376054913,0.8006086922324818,False
mass,C5,0.02,gaussian 0.25,paper,0.024787202249960935,0.1,2.251793897966472,0.9016278283437201,False
mass,C5,0.02,gaussian 0.5,paper,0.04957440449992187,1e-05,12.453578858349836,0.010191274707607698,True
mass,C5,0.02,gaussian 0.5,paper,0.04957440449992187,0.0001,9.95362857931591,0.05355089147446278,False
mass,C5,0.02,gaussian 0.5,paper,0.04957440449992187,0.001,5.633046709634358,0.16759072940296987,False
mass,C5,0.02,gaussian 0.5,paper,0.04957440449992187,0.01,3.188742049486894,0.3139618896224491,False
mass,C5,0.02,gaussian 0.5,paper,0.04957440449992187,0.025,2.4484172794413994,0.3936555201361001,False
mass,C5,0.02,gaussian 0.5,paper,0.04957440449992187,0.05,1.8931688231791461,0.47407966035009086,False
mass,C5,0.02,gaussian 0.5,paper,0.04957440449992187,0.1,1.6291246812553588,0.5782097885993347,False
mass,C5,0.02,gaussian 1,paper,0.09914880899984374,1e-05,3.2384323570967344,0.0009005082747169665,True
mass,C5,0.02,gaussian 1,paper,0.09914880899984374,0.0001,3.084160147074619,0.007778601651400571,True
mass,C5,0.02,gaussian 1,paper,0.09914880899984374,0.001,2.511596342443282,0.041434663478822256,True
mass,C5,0.02,gaussian 1,paper,0.09914880899984374,0.01,1.9754989386979318,0.1311464834164898,False
mass,C5,0.02,gaussian 1,paper,0.09914880899984374,0.025,1.8998242743426816,0.1831606151098594,False
mass,C5,0.02,gaussian 1,paper,0.09914880899984374,0.05,1.8328392730161076,0.22543910965578684,False
mass,C5,0.02,gaussian 1,paper,0.09914880899984374,0.1,1.7579861608090976,0.2716046091098618,False
mass,C5,0.02,gaussian 2,paper,0.19829761799968748,1e-05,2.924238486253324,0.00015133009964700517,True
mass,C5,0.02,gaussian 2,paper,0.19829761799968748,0.0001,2.922239601736306,0.001359713876774913,True
mass,C5,0.02,gaussian 2,paper,0.19829761799968748,0.001,2.905887022112226,0.007905112154539595,True
mass,C5,0.02,gaussian 2,paper,0.19829761799968748,0.01,2.8194868119605334,0.05159099303153725,False
mass,C5,0.02,gaussian 2,paper,0.19829761799968748,0.025,2.745832287132843,0.0995560047721442,False
mass,C5,0.02,gaussian 2,paper,0.19829761799968748,0.05,2.671089288333146,0.15901443068289034,False
mass,C5,0.02,gaussian 2,paper,0.19829761799968748,0.1,2.576761315246849,0.24989651530264503,False
mass,C5,0.02,gaussian 4,paper,0.39659523599937496,1e-05,4.139076616257349,5.915766092545382e-05,True
mass,C5,0.02,gaussian 4,paper,0.39659523599937496,0.0001,4.138526625534197,0.0005808773693159869,True
mass,C5,0.02,gaussian 4,paper,0.39659523599937496,0.001,4.133311582045645,0.00519352695050046,True
mass,C5,0.02,gaussian 4,paper,0.39659523599937496,0.01,4.0909097873218965,0.04405982514627801,True
mass,C5,0.02,gaussian 4,paper,0.39659523599937496,0.025,4.035218943446966,0.09949709850019071,False
mass,C5,0.02,gaussian 4,paper,0.39659523599937496,0.05,3.961812828307979,0.1786468053387072,False
mass,C5,0.02,gaussian 4,paper,0.39659523599937496,0.1,3.8499517856562235,0.31124791327726326,False
mass,C5,0.02,gaussian 8,paper,0.7931904719987499,1e-05,5.988202604955104,5.0749459082876475e-05,True
mass,C5,0.02,gaussian 8,paper,0.7931904719987499,0.0001,5.987824713957007,0.0005069721924397384,True
mass,C5,0.02,gaussian 8,paper,0.7931904719987499,0.001,5.984085057658232,0.005024251115058949,True
mass,C5,0.02,gaussian 8,paper,0.7931904719987499,0.01,5.948840375432018,0.048184249391337274,False
mass,C5,0.02,gaussian 8,paper,0.7931904719987499,0.025,5.894143918507776,0.11672989986443588,False
mass,C5,0.02,gaussian 8,paper,0.7931904719987499,0.05,5.809440947565492,0.2251491524359425,False
mass,C5,0.02,gaussian 8,paper,0.7931904719987499,0.1,5.656727375315087,0.42576733891122365,False
mass,C5,0.02,gaussian 16,paper,1.5863809439974998,1e-05,8.157756266340497,6.922784629994385e-05,True
mass,C5,0.02,gaussian 16,paper,1.5863809439974998,0.0001,8.157229225785521,0.0006922050571395512,True
mass,C5,0.02,gaussian 16,paper,1.5863809439974998,0.001,8.1519659101675,0.006914823848863068,True
mass,C5,0.02,gaussian 16,paper,1.5863809439974998,0.01,8.099960888136593,0.06850178333018488,False
mass,C5,0.02,gaussian 16,paper,1.5863809439974998,0.025,8.015424291633696,0.16891901642671786,False
mass,C5,0.02,gaussian 16,paper,1.5863809439974998,0.05,7.879629278037004,0.33080868910156996,False
mass,C5,0.02,gaussian 16,paper,1.5863809439974998,0.1,7.624745591053719,0.6362538061919669,False
mass,C5,0.02,gaussian 32,paper,3.1727618879949997,1e-05,9.750495658062988,9.140749370734317e-05,True
mass,C5,0.02,gaussian 32,paper,3.1727618879949997,0.0001,9.749725267189696,0.0009140001345067489,True
mass,C5,0.02,gaussian 32,paper,3.1727618879949997,0.001,9.74202840527658,0.009132528503231093,True
mass,C5,0.02,gaussian 32,paper,3.1727618879949997,0.01,9.66575737126669,0.09058526130557853,False
mass,C5,0.02,gaussian 32,paper,3.1727618879949997,0.025,9.54138930196098,0.22345002176060294,False
mass,C5,0.02,gaussian 32,paper,3.1727618879949997,0.05,9.341401395568223,0.4372226999758906,False
mass,C5,0.02,gaussian 32,paper,3.1727618879949997,0.1,8.966620894654447,0.8382402572266359,False
mass,C5,0.02,gaussian 64,paper,6.345523775989999,1e-05,10.405629787426786,0.00010226129238593685,True
mass,C5,0.02,gaussian 64,paper,6.345523775989999,0.0001,10.404725539306074,0.0010225234655113634,True
mass,C5,0.02,gaussian 64,paper,6.345523775989999,0.001,10.395691780291353,0.010216297484747882,True
mass,C5,0.02,gaussian 64,paper,6.345523775989999,0.01,10.30621793890722,0.10127783786194346,False
mass,C5,0.02,gaussian 64,paper,6.345523775989999,0.025,10.160501512462355,0.2495911177971719,False
mass,C5,0.02,gaussian 64,paper,6.345523775989999,0.05,9.926669960228645,0.48761901159118226,False
mass,C5,0.02,gaussian 64,paper,6.345523775989999,0.1,9.490144105578176,0.9320768018574092,False
mass,C5,0.02,gaussian 128,extended,12.691047551979999,1e-05,10.57640930688288,0.00010527966066999124,True
mass,C5,0.02,gaussian 128,extended,12.691047551979999,0.0001,10.575466245348915,0.0010527025822639514,True
mass,C5,0.02,gaussian 128,extended,12.691047551979999,0.001,10.566044893696946,0.010517632623701475,True
mass,C5,0.02,gaussian 128,extended,12.691047551979999,0.01,10.472748631222506,0.10424615998749355,False
mass,C5,0.02,gaussian 128,extended,12.691047551979999,0.025,10.320871374522623,0.2568299325462126,False
mass,C5,0.02,gaussian 128,extended,12.691047551979999,0.05,10.077322078309841,0.5015196064228736,False
mass,C5,0.02,gaussian 128,extended,12.691047551979999,0.1,9.623221947921243,0.9577709194192855,False
mass,C5,0.02,gaussian 256,extended,25.382095103959998,1e-05,10.618542456402286,0.00010604661210405174,True
mass,C5,0.02,gaussian 256,extended,25.382095103959998,0.0001,10.617589384399473,0.0010603708830173417,True
mass,C5,0.02,gaussian 256,extended,25.382095103959998,0.001,10.608068073905368,0.010594194433173177,True
mass,C5,0.02,gaussian 256,extended,25.382095103959998,0.01,10.513786627130726,0.10499981702625284,False
mass,C5,0.02,gaussian 256,extended,25.382095103959998,0.025,10.360323828475403,0.25866579421312647,False
mass,C5,0.02,gaussian 256,extended,25.382095103959998,0.05,10.114279592204587,0.5050385587837228,False
mass,C5,0.02,gaussian 256,extended,25.382095103959998,0.1,9.655686872185353,0.9642529983980567,False
mass,C5,0.02,gaussian 512,extended,50.764190207919995,1e-05,10.62851757611338,0.00010622178624036594,True
mass,C5,0.02,gaussian 512,extended,50.764190207919995,0.0001,10.627562248635053,0.001062122355941727,True
mass,C5,0.02,gaussian 512,extended,50.764190207919995,0.001,10.61801841540035,0.010611682353866217,True
mass,C5,0.02,gaussian 512,extended,50.764190207919995,0.01,10.523514903103273,0.10517205027790484,False
mass,C5,0.02,gaussian 512,extended,50.764190207919995,0.025,10.369694383533735,0.2590856946544467,False
mass,C5,0.02,gaussian 512,extended,50.764190207919995,0.05,10.123086360313804,0.5058445439956424,False
mass,C5,0.02,gaussian 512,extended,50.764190207919995,0.1,9.663475311627673,0.9657418298129475,False
mass,C5,0.02,gaussian D-027,D-027,0.03222015570183491,1e-05,26.465105078199,0.03548001140099981,True
mass,C5,0.02,gaussian D-027,D-027,0.03222015570183491,0.0001,16.133612948539568,0.13733245264033656,False
mass,C5,0.02,gaussian D-027,D-027,0.03222015570183491,0.001,8.370432080132895,0.2812936572115037,False
mass,C5,0.02,gaussian D-027,D-027,0.03222015570183491,0.01,4.051601294540053,0.4843636798505843,False
mass,C5,0.02,gaussian D-027,D-027,0.03222015570183491,0.025,3.0962188636469277,0.6132366536606875,False
mass,C5,0.02,gaussian D-027,D-027,0.03222015570183491,0.05,2.5630951387985426,0.7023652846648415,False
mass,C5,0.02,gaussian D-027,D-027,0.03222015570183491,0.1,2.0367728509033354,0.7782175122680739,False
mass,C5,0.02,gaussian D-027,D-027,0.03222015570183491,0.0,31.37627080060289,0.0,False
mass,identity,,linear,paper,,1e-05,4.673531022551134,1.0000000000000013,False
mass,identity,,linear,paper,,0.0001,4.664359958705665,1.000000000000001,False
mass,identity,,linear,paper,,0.001,4.574590864035017,1.0000000000000016,False
mass,identity,,linear,paper,,0.01,3.836271694835289,1.0000000000000013,False
mass,identity,,linear,paper,,0.025,3.0230839231777753,1.000000000000001,False
mass,identity,,linear,paper,,0.05,2.2338788776110445,1.000000000000001,False
mass,identity,,linear,paper,,0.1,1.5069913270502335,1.000000000000001,False
mass,identity,,gaussian 0.25,paper,0.024787202249960935,1e-05,158.0494823430957,0.7892756700015912,False
mass,identity,,gaussian 0.25,paper,0.024787202249960935,0.0001,49.999848284823564,0.9739958260878366,False
mass,identity,,gaussian 0.25,paper,0.024787202249960935,0.001,15.811362326880898,0.9973372645977487,False
mass,identity,,gaussian 0.25,paper,0.024787202249960935,0.01,4.99999872760426,0.9997330868125,False
mass,identity,,gaussian 0.25,paper,0.024787202249960935,0.025,3.1622763033309838,0.9998932176240252,False
mass,identity,,gaussian 0.25,paper,0.024787202249960935,0.05,2.2349295287014606,0.9999466059612407,False
mass,identity,,gaussian 0.25,paper,0.024787202249960935,0.1,1.5809768426489939,0.9999733022678703,False
mass,identity,,gaussian 0.5,paper,0.04957440449992187,1e-05,147.10376579174866,0.3166838225936859,False
mass,identity,,gaussian 0.5,paper,0.04957440449992187,0.0001,49.995146696380026,0.8225223962932567,False
mass,identity,,gaussian 0.5,paper,0.04957440449992187,0.001,15.810785630814278,0.9788785068350667,False
mass,identity,,gaussian 0.5,paper,0.04957440449992187,0.01,4.99966942477165,0.9978469220850894,False
mass,identity,,gaussian 0.5,paper,0.04957440449992187,0.025,3.1622773900041627,0.9991376548162134,False
mass,identity,,gaussian 0.5,paper,0.04957440449992187,0.05,2.2358520501515753,0.9995686414181089,False
mass,identity,,gaussian 0.5,paper,0.04957440449992187,0.1,1.5811387924724283,0.999784274181463,False
mass,identity,,gaussian 1,paper,0.09914880899984374,1e-05,77.26062324300335,0.06375699322392926,False
mass,identity,,gaussian 1,paper,0.09914880899984374,0.0001,49.09136360979501,0.4051116345746784,False
mass,identity,,gaussian 1,paper,0.09914880899984374,0.001,15.811097196010783,0.8719570034023405,False
mass,identity,,gaussian 1,paper,0.09914880899984374,0.01,4.999937398411878,0.9855279614790436,False
mass,identity,,gaussian 1,paper,0.09914880899984374,0.025,3.1622553807820615,0.9941604787255205,False
mass,identity,,gaussian 1,paper,0.09914880899984374,0.05,2.2358905738676005,0.997071689396727,False
mass,identity,,gaussian 1,paper,0.09914880899984374,0.1,1.581138830054325,0.9985336978042296,False
mass,identity,,gaussian 2,paper,0.19829761799968748,1e-05,35.76934951884936,0.012962489791613786,True
mass,identity,,gaussian 2,paper,0.19829761799968748,0.0001,32.03237545976437,0.1160824408281529,False
mass,identity,,gaussian 2,paper,0.19829761799968748,0.001,15.665729940320578,0.5677119297978112,False
mass,identity,,gaussian 2,paper,0.19829761799968748,0.01,4.999983805082444,0.9292422252846191,False
mass,identity,,gaussian 2,paper,0.19829761799968748,0.025,3.162245101733094,0.9704420158016813,False
mass,identity,,gaussian 2,paper,0.19829761799968748,0.05,2.2360514341801276,0.9849993128641787,False
mass,identity,,gaussian 2,paper,0.19829761799968748,0.1,1.5810946179343448,0.9924429761569158,False
mass,identity,,gaussian 4,paper,0.39659523599937496,1e-05,17.740669015166688,0.0031572817994178918,True
mass,identity,,gaussian 4,paper,0.39659523599937496,0.0001,17.25048717253818,0.030700448294471955,True
mass,identity,,gaussian 4,paper,0.39659523599937496,0.001,13.51597010132888,0.24054181026611707,False
mass,identity,,gaussian 4,paper,0.39659523599937496,0.01,4.99064073557132,0.7600354264845044,False
mass,identity,,gaussian 4,paper,0.39659523599937496,0.025,3.160774019935928,0.8878698060992379,False
mass,identity,,gaussian 4,paper,0.39659523599937496,0.05,2.2360569991646004,0.9406049116636661,False
mass,identity,,gaussian 4,paper,0.39659523599937496,0.1,1.5811205294294675,0.9693935184955216,False
mass,identity,,gaussian 8,paper,0.7931904719987499,1e-05,9.885031308936869,0.0009780951098304945,True
mass,identity,,gaussian 8,paper,0.7931904719987499,0.0001,9.798774111569132,0.009695602109215978,True
mass,identity,,gaussian 8,paper,0.7931904719987499,0.001,9.012352459896594,0.08917460748074997,False
mass,identity,,gaussian 8,paper,0.7931904719987499,0.01,4.999719913054042,0.4947077499956088,False
mass,identity,,gaussian 8,paper,0.7931904719987499,0.025,3.135538347348808,0.7099458235260183,False
mass,identity,,gaussian 8,paper,0.7931904719987499,0.05,2.2353257537961926,0.8303723004066461,False
mass,identity,,gaussian 8,paper,0.7931904719987499,0.1,1.5785779536941973,0.9073261218192231,False
mass,identity,,gaussian 16,paper,1.5863809439974998,1e-05,6.233213148571247,0.0003886805341128128,True
mass,identity,,gaussian 16,paper,1.5863809439974998,0.0001,6.211484600202884,0.0038732562075047276,True
mass,identity,,gaussian 16,paper,1.5863809439974998,0.001,6.002250320390822,0.0374278530960081,True
mass,identity,,gaussian 16,paper,1.5863809439974998,0.01,4.489843495446179,0.27997033412742645,False
mass,identity,,gaussian 16,paper,1.5863809439974998,0.025,3.1619607034726394,0.49292096458757206,False
mass,identity,,gaussian 16,paper,1.5863809439974998,0.05,2.1179692552218574,0.6603443534919405,False
mass,identity,,gaussian 16,paper,1.5863809439974998,0.1,1.5811136906470638,0.7954306010113412,False
mass,identity,,gaussian 32,paper,3.1727618879949997,1e-05,4.301055613084844,0.00018502502812952075,True
mass,identity,,gaussian 32,paper,3.1727618879949997,0.0001,4.293905293555311,0.001847174319970594,True
mass,identity,,gaussian 32,paper,3.1727618879949997,0.001,4.223688296542905,0.01816968010133848,True
mass,identity,,gaussian 32,paper,3.1727618879949997,0.01,3.630072922779926,0.15616034877722432,False
mass,identity,,gaussian 32,paper,3.1727618879949997,0.025,2.941138987617067,0.31630858379344057,False
mass,identity,,gaussian 32,paper,3.1727618879949997,0.05,2.2343841131393853,0.48059943950510126,False
mass,identity,,gaussian 32,paper,3.1727618879949997,0.1,1.5091077664369792,0.6491957604222035,False
mass,identity,,gaussian 64,paper,6.345523775989999,1e-05,3.0766082783784934,9.466414628646302e-05,True
mass,identity,,gaussian 64,paper,6.345523775989999,0.0001,3.073989309215637,0.0009458356323606476,True
mass,identity,,gaussian 64,paper,6.345523775989999,0.001,3.0480427819663456,0.009378521465577454,True
mass,identity,,gaussian 64,paper,6.345523775989999,0.01,2.8107930365123095,0.08648527830446108,False
mass,identity,,gaussian 64,paper,6.345523775989999,0.025,2.4880265354866395,0.19138519321351655,False
mass,identity,,gaussian 64,paper,6.345523775989999,0.05,2.088347706232355,0.3212818059242357,False
mass,identity,,gaussian 64,paper,6.345523775989999,0.1,1.580546781821125,0.4863183682446899,False
mass,identity,,gaussian 128,extended,12.691047551979999,1e-05,2.2353729325336604,4.997141861772e-05,True
mass,identity,,gaussian 128,extended,12.691047551979999,0.0001,2.2343680416668543,0.0004994895443671492,True
mass,identity,,gaussian 128,extended,12.691047551979999,0.001,2.224368601931504,0.004972541849705787,True
mass,identity,,gaussian 128,extended,12.691047551979999,0.01,2.1290858839935227,0.04759538797024272,False
mass,identity,,gaussian 128,extended,12.691047551979999,0.025,1.9872126485153316,0.11105958394695337,False
mass,identity,,gaussian 128,extended,12.691047551979999,0.05,1.7885743278104966,0.19991652212282396,False
mass,identity,,gaussian 128,extended,12.691047551979999,0.1,1.4905822987137913,0.33321738377123616,False
mass,identity,,gaussian 256,extended,25.382095103959998,1e-05,1.666233921949747,2.7764125673234752e-05,True
mass,identity,,gaussian 256,extended,25.382095103959998,0.0001,1.6658176722089475,0.000277571897862847,True
mass,identity,,gaussian 256,extended,25.382095103959998,0.001,1.6616665846812204,0.002768802103735804,True
mass,identity,,gaussian 256,extended,25.382095103959998,0.01,1.6212659046535427,0.02701483251154765,True
mass,identity,,gaussian 256,extended,25.382095103959998,0.025,1.5581270910585638,0.06490690742930146,False
mass,identity,,gaussian 256,extended,25.382095103959998,0.05,1.4631580283575227,0.12190156149139392,False
mass,identity,,gaussian 256,extended,25.382095103959998,0.1,1.3041768356329602,0.21731240186410747,False
mass,identity,,gaussian 512,extended,50.764190207919995,1e-05,1.3011904526110192,1.693125260697553e-05,True
mass,identity,,gaussian 512,extended,50.764190207919995,0.0001,1.3009922057619403,0.00016928672994226632,True
mass,identity,,gaussian 512,extended,50.764190207919995,0.001,1.299013054712279,0.0016902920033695812,True
mass,identity,,gaussian 512,extended,50.764190207919995,0.01,1.2795477704336387,0.01664963532466116,True
mass,identity,,gaussian 512,extended,50.764190207919995,0.025,1.2483704025059026,0.04060987880268774,True
mass,identity,,gaussian 512,extended,50.764190207919995,0.05,1.1996526536364052,0.07805015045487164,False
mass,identity,,gaussian 512,extended,50.764190207919995,0.1,1.112798558703624,0.14479873765045007,False
mass,identity,,gaussian D-027,D-027,0.03222015570183491,1e-05,158.10558090251138,0.6275489767522537,False
mass,identity,,gaussian D-027,D-027,0.03222015570183491,0.0001,49.999957682639845,0.9439749788739324,False
mass,identity,,gaussian D-027,D-027,0.03222015570183491,0.001,15.810500169489467,0.994100005292052,False
mass,identity,,gaussian D-027,D-027,0.03222015570183491,0.01,4.999978049351665,0.9994068509103644,False
mass,identity,,gaussian D-027,D-027,0.03222015570183491,0.025,3.1615092609999365,0.9997626558958816,False
mass,identity,,gaussian D-027,D-027,0.03222015570183491,0.05,2.2359956066384186,0.9998813138632134,False
mass,identity,,gaussian D-027,D-027,0.03222015570183491,0.1,1.5811387692731134,0.9999406534097978,False
mass,identity,,gaussian D-027,D-027,0.03222015570183491,0.0,410.4773775138579,0.0,False
calcification,C4,1.0,linear,paper,,1e-05,4.881243160857631,1.4063518819321625,False
calcification,C4,1.0,linear,paper,,0.0001,4.870820407267513,1.4063518820580645,False
calcification,C4,1.0,linear,paper,,0.001,4.768990141884636,1.4063518922172598,False
calcification,C4,1.0,linear,paper,,0.01,3.9444023369073733,1.4063526330204759,False
calcification,C4,1.0,linear,paper,,0.025,3.06214337042394,1.4063551194905486,False
calcification,C4,1.0,linear,paper,,0.05,2.234975801662787,1.4063604395292342,False
calcification,C4,1.0,linear,paper,,0.1,1.5929085420300417,1.4063726074588647,False
calcification,C4,1.0,gaussian 0.25,paper,0.026587468398037096,1e-05,155.89320187063026,0.7062744815578442,False
calcification,C4,1.0,gaussian 0.25,paper,0.026587468398037096,0.0001,50.009847980265135,0.9472583885831224,False
calcification,C4,1.0,gaussian 0.25,paper,0.026587468398037096,0.001,15.949052889592048,1.0019775881064161,False
calcification,C4,1.0,gaussian 0.25,paper,0.026587468398037096,0.01,5.077319838442427,1.0372385129574049,False
calcification,C4,1.0,gaussian 0.25,paper,0.026587468398037096,0.025,3.2406042074679173,1.049835188682945,False
calcification,C4,1.0,gaussian 0.25,paper,0.026587468398037096,0.05,2.3197409226284242,1.0579535811181875,False
calcification,C4,1.0,gaussian 0.25,paper,0.026587468398037096,0.1,1.6396897948973186,1.0652831823560789,False
calcification,C4,1.0,gaussian 0.5,paper,0.05317493679607419,1e-05,131.11715086037916,0.25098295902397877,False
calcification,C4,1.0,gaussian 0.5,paper,0.05317493679607419,0.0001,49.43497335266859,0.7363661234006088,False
calcification,C4,1.0,gaussian 0.5,paper,0.05317493679607419,0.001,15.91867641747181,0.9459523389027755,False
calcification,C4,1.0,gaussian 0.5,paper,0.05317493679607419,0.01,5.049927290169239,1.0027504229158464,False
calcification,C4,1.0,gaussian 0.5,paper,0.05317493679607419,0.025,3.1981390921435624,1.0161215305074573,False
calcification,C4,1.0,gaussian 0.5,paper,0.05317493679607419,0.05,2.2726910251643035,1.0302069268756313,False
calcification,C4,1.0,gaussian 0.5,paper,0.05317493679607419,0.1,1.6224030755617327,1.0423624605421922,False
calcification,C4,1.0,gaussian 1,paper,0.10634987359214838,1e-05,66.08682184627372,0.05022946742065679,False
calcification,C4,1.0,gaussian 1,paper,0.10634987359214838,0.0001,45.21653480369605,0.33609122931399266,False
calcification,C4,1.0,gaussian 1,paper,0.10634987359214838,0.001,15.57587845496364,0.799923805451829,False
calcification,C4,1.0,gaussian 1,paper,0.10634987359214838,0.01,5.045561194699938,0.951749661070702,False
calcification,C4,1.0,gaussian 1,paper,0.10634987359214838,0.025,3.2028883619944066,0.9797772392883412,False
calcification,C4,1.0,gaussian 1,paper,0.10634987359214838,0.05,2.2654395238074803,0.9941946294832219,False
calcification,C4,1.0,gaussian 1,paper,0.10634987359214838,0.1,1.6051406383450115,1.004635545876957,False
calcification,C4,1.0,gaussian 2,paper,0.21269974718429677,1e-05,28.052947111500306,0.008581150243710594,True
calcification,C4,1.0,gaussian 2,paper,0.21269974718429677,0.0001,25.932886731047486,0.07914644829748281,False
calcification,C4,1.0,gaussian 2,paper,0.21269974718429677,0.001,15.166329376767365,0.4468772848246266,False
calcification,C4,1.0,gaussian 2,paper,0.21269974718429677,0.01,4.964766538190836,0.8590088650453706,False
calcification,C4,1.0,gaussian 2,paper,0.21269974718429677,0.025,3.2167352161145955,0.920477698592921,False
calcification,C4,1.0,gaussian 2,paper,0.21269974718429677,0.05,2.2780854276214817,0.9437742826615916,False
calcification,C4,1.0,gaussian 2,paper,0.21269974718429677,0.1,1.6024937741140202,0.9609548789968214,False
calcification,C4,1.0,gaussian 4,paper,0.42539949436859353,1e-05,12.148486288990362,0.0015637473418231669,True
calcification,C4,1.0,gaussian 4,paper,0.42539949436859353,0.0001,11.973174788217365,0.015405054489230992,True
calcification,C4,1.0,gaussian 4,paper,0.42539949436859353,0.001,10.471796709138946,0.13416102410394562,False
calcification,C4,1.0,gaussian 4,paper,0.42539949436859353,0.01,4.793291846070533,0.5908907783571004,False
calcification,C4,1.0,gaussian 4,paper,0.42539949436859353,0.025,3.1009991876699563,0.7685618735753261,False
calcification,C4,1.0,gaussian 4,paper,0.42539949436859353,0.05,2.2267930837215664,0.8551627571457504,False
calcification,C4,1.0,gaussian 4,paper,0.42539949436859353,0.1,1.61461531746003,0.9066673040445213,False
calcification,C4,1.0,gaussian 8,paper,0.8507989887371871,1e-05,6.283515337128809,0.0004208627641160677,True
calcification,C4,1.0,gaussian 8,paper,0.8507989887371871,0.0001,6.258258915556311,0.004191710185849843,True
calcification,C4,1.0,gaussian 8,paper,0.8507989887371871,0.001,6.016431316645633,0.04029726973370815,True
calcification,C4,1.0,gaussian 8,paper,0.8507989887371871,0.01,4.3396771129501035,0.29065373636501807,False
calcification,C4,1.0,gaussian 8,paper,0.8507989887371871,0.025,3.0405867320510938,0.49615241170779534,False
calcification,C4,1.0,gaussian 8,paper,0.8507989887371871,0.05,2.1476861738316537,0.6491420531663421,False
calcification,C4,1.0,gaussian 8,paper,0.8507989887371871,0.1,1.5440297118083972,0.7674877658009325,False
calcification,C4,1.0,gaussian 16,paper,1.7015979774743741,1e-05,3.4071178811512226,0.00012381424282150667,True
calcification,C4,1.0,gaussian 16,paper,1.7015979774743741,0.0001,3.403073827589794,0.0012366727031065956,True
calcification,C4,1.0,gaussian 16,paper,1.7015979774743741,0.001,3.36315518401738,0.012221651116457163,True
calcification,C4,1.0,gaussian 16,paper,1.7015979774743741,0.01,3.0100757629915917,0.10938447718821605,False
calcification,C4,1.0,gaussian 16,paper,1.7015979774743741,0.025,2.561847816953497,0.23273496874193494,False
calcification,C4,1.0,gaussian 16,paper,1.7015979774743741,0.05,2.0525791446896795,0.3729091733391186,False
calcification,C4,1.0,gaussian 16,paper,1.7015979774743741,0.1,1.5171771822255897,0.533603051335446,False
calcification,C4,1.0,gaussian 32,paper,3.4031959549487483,1e-05,2.012898443512765,4.6286202832316864e-05,True
calcification,C4,1.0,gaussian 32,paper,3.4031959549487483,0.0001,2.0119421829323656,0.0004626416853948,True
calcification,C4,1.0,gaussian 32,paper,3.4031959549487483,0.001,2.002430007871671,0.004604497429398024,True
calcification,C4,1.0,gaussian 32,paper,3.4031959549487483,0.01,1.9122690715649322,0.04396213117060301,True
calcification,C4,1.0,gaussian 32,paper,3.4031959549487483,0.025,1.7927046876690818,0.10220055288772179,False
calcification,C4,1.0,gaussian 32,paper,3.4031959549487483,0.05,1.6270617155262137,0.18301869711802407,False
calcification,C4,1.0,gaussian 32,paper,3.4031959549487483,0.1,1.373373768751561,0.30271260374574627,False
calcification,C4,1.0,gaussian 64,paper,6.8063919098974965,1e-05,1.4375089094422513,2.3627588023797832e-05,True
calcification,C4,1.0,gaussian 64,paper,6.8063919098974965,0.0001,1.4371606899040825,0.00023621836449454282,True
calcification,C4,1.0,gaussian 64,paper,6.8063919098974965,0.001,1.4336881650782833,0.0023564474406777038,True
calcification,C4,1.0,gaussian 64,paper,6.8063919098974965,0.01,1.399920659080461,0.023005819443827548,True
calcification,C4,1.0,gaussian 64,paper,6.8063919098974965,0.025,1.3480550125233426,0.05532844441643915,False
calcification,C4,1.0,gaussian 64,paper,6.8063919098974965,0.05,1.3064947677067695,0.10406477453448676,False
calcification,C4,1.0,gaussian 64,paper,6.8063919098974965,0.1,1.2494790673230105,0.18597376953705,False
calcification,C4,1.0,gaussian 128,extended,13.612783819794993,1e-05,1.4106231524719406,1.41665816420267e-05,True
calcification,C4,1.0,gaussian 128,extended,13.612783819794993,0.0001,1.4104986435354994,0.00014164520440285426,True
calcification,C4,1.0,gaussian 128,extended,13.612783819794993,0.001,1.4092547739216927,0.0014143945349729063,True
calcification,C4,1.0,gaussian 128,extended,13.612783819794993,0.01,1.3969368521368553,0.013942163715874594,True
calcification,C4,1.0,gaussian 128,extended,13.612783819794993,0.025,1.3768831620300264,0.034145546287666154,True
calcification,C4,1.0,gaussian 128,extended,13.612783819794993,0.05,1.3447216353490417,0.0666606331475054,False
calcification,C4,1.0,gaussian 128,extended,13.612783819794993,0.1,1.2847432990163044,0.1273280462126735,False
calcification,C4,1.0,gaussian 256,extended,27.225567639589986,1e-05,1.4266571348099426,1.4240128871125662e-05,True
calcification,C4,1.0,gaussian 256,extended,27.225567639589986,0.0001,1.4265292650783137,0.00014238851474869285,True
calcification,C4,1.0,gaussian 256,extended,27.225567639589986,0.001,1.4252518287975326,0.0014226090114564298,True
calcification,C4,1.0,gaussian 256,extended,27.225567639589986,0.01,1.412602324943352,0.014099724297398036,True
calcification,C4,1.0,gaussian 256,extended,27.225567639589986,0.025,1.392012070255171,0.034735084828389544,True
calcification,C4,1.0,gaussian 256,extended,27.225567639589986,0.05,1.358998669505276,0.06782122505972506,False
calcification,C4,1.0,gaussian 256,extended,27.225567639589986,0.1,1.2974615320122322,0.12949533729593707,False
calcification,C4,1.0,gaussian 512,extended,54.45113527917997,1e-05,1.4297357891540101,1.429341371515809e-05,True
calcification,C4,1.0,gaussian 512,extended,54.45113527917997,0.0001,1.429607198863876,0.00014292128112055021,True
calcification,C4,1.0,gaussian 512,extended,54.45113527917997,0.001,1.4283225670770978,0.0014279284789681702,True
calcification,C4,1.0,gaussian 512,extended,54.45113527917997,0.01,1.4156021039823203,0.014152109866903054,True
calcification,C4,1.0,gaussian 512,extended,54.45113527917997,0.025,1.3948974890617205,0.0348627806362345,True
calcification,C4,1.0,gaussian 512,extended,54.45113527917997,0.05,1.3617037236097729,0.06806626443794105,False
calcification,C4,1.0,gaussian 512,extended,54.45113527917997,0.1,1.2998404545919382,0.1299476767329725,False
calcification,C4,1.0,gaussian D-027,D-027,0.03208887830598762,1e-05,155.665828785008,0.5784440671456269,False
calcification,C4,1.0,gaussian D-027,D-027,0.03208887830598762,0.0001,50.22534824869322,0.911810734360226,False
calcification,C4,1.0,gaussian D-027,D-027,0.03208887830598762,0.001,15.933935162680871,0.9920290901037512,False
calcification,C4,1.0,gaussian D-027,D-027,0.03208887830598762,0.01,5.04898465933714,1.028145745432652,False
calcification,C4,1.0,gaussian D-027,D-027,0.03208887830598762,0.025,3.225884026430412,1.0426686322927103,False
calcification,C4,1.0,gaussian D-027,D-027,0.03208887830598762,0.05,2.3031133888256026,1.0519704687522486,False
calcification,C4,1.0,gaussian D-027,D-027,0.03208887830598762,0.1,1.6319099353824087,1.0601401412021234,False
calcification,C4,1.0,gaussian D-027,D-027,0.03208887830598762,0.0,375.9696311064886,0.0,False
calcification,C4,0.5,linear,paper,,1e-05,4.882463794397565,1.7634659796173553,False
calcification,C4,0.5,linear,paper,,0.0001,4.872041597843428,1.7634659796685255,False
calcification,C4,0.5,linear,paper,,0.001,4.770217520460792,1.763465982344408,False
calcification,C4,0.5,linear,paper,,0.01,3.945752214846361,1.763466232104481,False
calcification,C4,0.5,linear,paper,,0.025,3.064101747737443,1.763467422107874,False
calcification,C4,0.5,linear,paper,,0.05,2.2593239759209958,1.7634711204968399,False
calcification,C4,0.5,linear,paper,,0.1,1.6140954930019558,1.7634832725502978,False
calcification,C4,0.5,gaussian 0.25,paper,0.026587468398037096,1e-05,153.2286690749834,0.6803081503458815,False
calcification,C4,0.5,gaussian 0.25,paper,0.026587468398037096,0.0001,50.316440143843025,0.9284144526557355,False
calcification,C4,0.5,gaussian 0.25,paper,0.026587468398037096,0.001,16.377120380734752,1.012156157359499,False
calcification,C4,0.5,gaussian 0.25,paper,0.026587468398037096,0.01,5.45636869472618,1.0753027949988567,False
calcification,C4,0.5,gaussian 0.25,paper,0.026587468398037096,0.025,3.502443405664208,1.093511655756743,False
calcification,C4,0.5,gaussian 0.25,paper,0.026587468398037096,0.05,2.4947477629618175,1.1082805996098963,False
calcification,C4,0.5,gaussian 0.25,paper,0.026587468398037096,0.1,1.7609738397637182,1.1293505649599989,False
calcification,C4,0.5,gaussian 0.5,paper,0.05317493679607419,1e-05,118.43341713948593,0.22342306060484765,False
calcification,C4,0.5,gaussian 0.5,paper,0.05317493679607419,0.0001,48.62821299286967,0.6678349790752558,False
calcification,C4,0.5,gaussian 0.5,paper,0.05317493679607419,0.001,16.077665460866214,0.9230180296369925,False
calcification,C4,0.5,gaussian 0.5,paper,0.05317493679607419,0.01,5.246140871429678,1.0116791709781954,False
calcification,C4,0.5,gaussian 0.5,paper,0.05317493679607419,0.025,3.3613165002642202,1.0440788803072694,False
calcification,C4,0.5,gaussian 0.5,paper,0.05317493679607419,0.05,2.4401926072049958,1.063924303441614,False
calcification,C4,0.5,gaussian 0.5,paper,0.05317493679607419,0.1,1.7679338016801527,1.0815693848897971,False
calcification,C4,0.5,gaussian 1,paper,0.10634987359214838,1e-05,58.78060148490609,0.04440224832132828,True
calcification,C4,0.5,gaussian 1,paper,0.10634987359214838,0.0001,40.88073592578013,0.29761524470534495,False
calcification,C4,0.5,gaussian 1,paper,0.10634987359214838,0.001,15.397511673394364,0.7231791768805198,False
calcification,C4,0.5,gaussian 1,paper,0.10634987359214838,0.01,5.1343946770641375,0.923544864159242,False
calcification,C4,0.5,gaussian 1,paper,0.10634987359214838,0.025,3.267829311541459,0.9573884178717993,False
calcification,C4,0.5,gaussian 1,paper,0.10634987359214838,0.05,2.35966628873898,0.9827462376333389,False
calcification,C4,0.5,gaussian 1,paper,0.10634987359214838,0.1,1.7009316573261446,1.0167536984485943,False
calcification,C4,0.5,gaussian 2,paper,0.21269974718429677,1e-05,24.92271700026623,0.007574384606636847,True
calcification,C4,0.5,gaussian 2,paper,0.21269974718429677,0.0001,23.088783982696086,0.06988588719700965,False
calcification,C4,0.5,gaussian 2,paper,0.21269974718429677,0.001,13.765929516257232,0.39636554916413835,False
calcification,C4,0.5,gaussian 2,paper,0.21269974718429677,0.01,4.930087642440463,0.77724106661794,False
calcification,C4,0.5,gaussian 2,paper,0.21269974718429677,0.025,3.252954726074164,0.8502274012068671,False
calcification,C4,0.5,gaussian 2,paper,0.21269974718429677,0.05,2.3210249532346245,0.8978537002719092,False
calcification,C4,0.5,gaussian 2,paper,0.21269974718429677,0.1,1.6516746793310195,0.9316068600971876,False
calcification,C4,0.5,gaussian 4,paper,0.42539949436859353,1e-05,10.836610336527274,0.001384649724399383,True
calcification,C4,0.5,gaussian 4,paper,0.42539949436859353,0.0001,10.682811373288772,0.013642696142164755,True
calcification,C4,0.5,gaussian 4,paper,0.42539949436859353,0.001,9.362525600239906,0.11898128434896481,False
calcification,C4,0.5,gaussian 4,paper,0.42539949436859353,0.01,4.538556925940015,0.5279667016961754,False
calcification,C4,0.5,gaussian 4,paper,0.42539949436859353,0.025,3.035238011272552,0.6889246956169532,False
calcification,C4,0.5,gaussian 4,paper,0.42539949436859353,0.05,2.213496232096643,0.7694745005750487,False
calcification,C4,0.5,gaussian 4,paper,0.42539949436859353,0.1,1.6369588783581688,0.826822883238532,False
calcification,C4,0.5,gaussian 8,paper,0.8507989887371871,1e-05,5.660650188046228,0.0003789836973462823,True
calcification,C4,0.5,gaussian 8,paper,0.8507989887371871,0.0001,5.637919957512691,0.0037746042719063364,True
calcification,C4,0.5,gaussian 8,paper,0.8507989887371871,0.001,5.42028684541645,0.03628752618577334,True
calcification,C4,0.5,gaussian 8,paper,0.8507989887371871,0.01,3.9118605918048965,0.2617431180153976,False
calcification,C4,0.5,gaussian 8,paper,0.8507989887371871,0.025,2.753381290508034,0.4468384853965751,False
calcification,C4,0.5,gaussian 8,paper,0.8507989887371871,0.05,2.0351645399539935,0.5847218669116944,False
calcification,C4,0.5,gaussian 8,paper,0.8507989887371871,0.1,1.516632375322491,0.6916173247356187,False
calcification,C4,0.5,gaussian 16,paper,1.7015979774743741,1e-05,3.0527852799211734,0.00011089364824756614,True
calcification,C4,0.5,gaussian 16,paper,1.7015979774743741,0.0001,3.049165335297901,0.0011076202625503826,True
calcification,C4,0.5,gaussian 16,paper,1.7015979774743741,0.001,3.0134333778474556,0.010946279193132711,True
calcification,C4,0.5,gaussian 16,paper,1.7015979774743741,0.01,2.6974165245801056,0.0979710487664337,False
calcification,C4,0.5,gaussian 16,paper,1.7015979774743741,0.025,2.2963688428510807,0.2084555757721427,False
calcification,C4,0.5,gaussian 16,paper,1.7015979774743741,0.05,1.841159206433682,0.33402054996133757,False
calcification,C4,0.5,gaussian 16,paper,1.7015979774743741,0.1,1.3865413527202202,0.4780031259255362,False
calcification,C4,0.5,gaussian 32,paper,3.4031959549487483,1e-05,1.7802844806657683,3.992448536419528e-05,True
calcification,C4,0.5,gaussian 32,paper,3.4031959549487483,0.0001,1.7795603463298588,0.00039905493168579376,True
calcification,C4,0.5,gaussian 32,paper,3.4031959549487483,0.001,1.7723517207784116,0.00397165615924155,True
calcification,C4,0.5,gaussian 32,paper,3.4031959549487483,0.01,1.703406277253169,0.03792131028180397,True
calcification,C4,0.5,gaussian 32,paper,3.4031959549487483,0.025,1.6001966116015864,0.08816261991959733,False
calcification,C4,0.5,gaussian 32,paper,3.4031959549487483,0.05,1.5068175317717645,0.15789746870823163,False
calcification,C4,0.5,gaussian 32,paper,3.4031959549487483,0.1,1.4457754834460281,0.261238742103543,False
calcification,C4,0.5,gaussian 64,paper,6.8063919098974965,1e-05,1.7055282044653977,2.036664599438569e-05,True
calcification,C4,0.5,gaussian 64,paper,6.8063919098974965,0.0001,1.7053824589202193,0.00020361695260375312,True
calcification,C4,0.5,gaussian 64,paper,6.8063919098974965,0.001,1.7039264187440504,0.0020312320378444797,True
calcification,C4,0.5,gaussian 64,paper,6.8063919098974965,0.01,1.6895061235074034,0.01983146936914266,True
calcification,C4,0.5,gaussian 64,paper,6.8063919098974965,0.025,1.6660244770483277,0.04769720503297528,False
calcification,C4,0.5,gaussian 64,paper,6.8063919098974965,0.05,1.628350239371596,0.08972214004269415,False
calcification,C4,0.5,gaussian 64,paper,6.8063919098974965,0.1,1.5580355945070579,0.16039956123950305,False
calcification,C4,0.5,gaussian 128,extended,13.612783819794993,1e-05,1.758176361037319,1.7438234541346622e-05,True
calcification,C4,0.5,gaussian 128,extended,13.612783819794993,0.0001,1.7580209414567336,0.00017436685646703953,True
calcification,C4,0.5,gaussian 128,extended,13.612783819794993,0.001,1.7564682658579593,0.0017421211884786527,True
calcification,C4,0.5,gaussian 128,extended,13.612783819794993,0.01,1.7410920375372465,0.017267977786882854,True
calcification,C4,0.5,gaussian 128,extended,13.612783819794993,0.025,1.7160585118705025,0.042546289391251324,True
calcification,C4,0.5,gaussian 128,extended,13.612783819794993,0.05,1.6759082370890617,0.08309224394846058,False
calcification,C4,0.5,gaussian 128,extended,13.612783819794993,0.1,1.6010245944531372,0.1587241122629452,False
calcification,C4,0.5,gaussian 256,extended,27.225567639589986,1e-05,1.7751676012575863,1.772209373798915e-05,True
calcification,C4,0.5,gaussian 256,extended,27.225567639589986,0.0001,1.7750084111145796,0.00017720503599367863,True
calcification,C4,0.5,gaussian 256,extended,27.225567639589986,0.001,1.7734180797919616,0.0017704617902073426,True
calcification,C4,0.5,gaussian 256,extended,27.225567639589986,0.01,1.7576702277026615,0.017547314333849092,True
calcification,C4,0.5,gaussian 256,extended,27.225567639589986,0.025,1.7320367075421073,0.04322816483278946,True
calcification,C4,0.5,gaussian 256,extended,27.225567639589986,0.05,1.6909373932235687,0.0844036897973575,False
calcification,C4,0.5,gaussian 256,extended,27.225567639589986,0.1,1.6143288325990142,0.16115537544045713,False
calcification,C4,0.5,gaussian 512,extended,54.45113527917997,1e-05,1.7783646914281477,1.7779726881890528e-05,True
calcification,C4,0.5,gaussian 512,extended,54.45113527917997,0.0001,1.7782047262762615,0.00017778127547034934,True
calcification,C4,0.5,gaussian 512,extended,54.45113527917997,0.001,1.776606656165896,0.0017762150009758193,True
calcification,C4,0.5,gaussian 512,extended,54.45113527917997,0.01,1.7607825323378523,0.01760394013165767,True
calcification,C4,0.5,gaussian 512,extended,54.45113527917997,0.025,1.7350262655980162,0.043366071580232146,True
calcification,C4,0.5,gaussian 512,extended,54.45113527917997,0.05,1.6937338148704957,0.08466793239701897,False
calcification,C4,0.5,gaussian 512,extended,54.45113527917997,0.1,1.616777528582582,0.16164178166664162,False
calcification,C4,0.5,gaussian D-027,D-027,0.03208887830598762,1e-05,152.11740685656076,0.5452927132877144,False
calcification,C4,0.5,gaussian D-027,D-027,0.03208887830598762,0.0001,50.56376692162204,0.8908158227803759,False
calcification,C4,0.5,gaussian D-027,D-027,0.03208887830598762,0.001,16.25637459477573,0.9879296183072906,False
calcification,C4,0.5,gaussian D-027,D-027,0.03208887830598762,0.01,5.371625543683297,1.0623121720335293,False
calcification,C4,0.5,gaussian D-027,D-027,0.03208887830598762,0.025,3.4907930754832637,1.0826649310048826,False
calcification,C4,0.5,gaussian D-027,D-027,0.03208887830598762,0.05,2.491713137893773,1.0970615298776392,False
calcification,C4,0.5,gaussian D-027,D-027,0.03208887830598762,0.1,1.7679532409856256,1.1139142534181878,False
calcification,C4,0.5,gaussian D-027,D-027,0.03208887830598762,0.0,352.03094260652676,0.0,False
calcification,C4,0.2,linear,paper,,1e-05,4.844069443441333,2.8553865720197327,False
calcification,C4,0.2,linear,paper,,0.0001,4.833752675765782,2.8553865725111898,False
calcification,C4,0.2,linear,paper,,0.001,4.732966764833581,2.855386615967339,False
calcification,C4,0.2,linear,paper,,0.01,3.917824078141736,2.855390054325251,False
calcification,C4,0.2,linear,paper,,0.025,3.056781172726715,2.8554028556707376,False
calcification,C4,0.2,linear,paper,,0.05,2.37402103629256,2.8554330063024955,False
calcification,C4,0.2,linear,paper,,0.1,1.7094643653590569,2.855507344973184,False
calcification,C4,0.2,gaussian 0.25,paper,0.026587468398037096,1e-05,143.2566130027177,0.5997463959452366,False
calcification,C4,0.2,gaussian 0.25,paper,0.026587468398037096,0.0001,51.0413777609971,0.8744070027179486,False
calcification,C4,0.2,gaussian 0.25,paper,0.026587468398037096,0.001,17.815970198834542,1.0335127122869583,False
calcification,C4,0.2,gaussian 0.25,paper,0.026587468398037096,0.01,6.3964253966061975,1.162311145424097,False
calcification,C4,0.2,gaussian 0.25,paper,0.026587468398037096,0.025,4.177606592378091,1.2126752473535358,False
calcification,C4,0.2,gaussian 0.25,paper,0.026587468398037096,0.05,3.0469584593757606,1.2518872410418176,False
calcification,C4,0.2,gaussian 0.25,paper,0.026587468398037096,0.1,2.129388502279656,1.311915110800931,False
calcification,C4,0.2,gaussian 0.5,paper,0.05317493679607419,1e-05,101.25134182861895,0.15262554937198788,False
calcification,C4,0.2,gaussian 0.5,paper,0.05317493679607419,0.0001,45.53262192536062,0.5692077106284699,False
calcification,C4,0.2,gaussian 0.5,paper,0.05317493679607419,0.001,16.257707172327052,0.8614232759135673,False
calcification,C4,0.2,gaussian 0.5,paper,0.05317493679607419,0.01,5.807412680051181,1.0326419636444202,False
calcification,C4,0.2,gaussian 0.5,paper,0.05317493679607419,0.025,3.847584066020738,1.0828987093777227,False
calcification,C4,0.2,gaussian 0.5,paper,0.05317493679607419,0.05,2.9146022738811226,1.1174602119100332,False
calcification,C4,0.2,gaussian 0.5,paper,0.05317493679607419,0.1,2.133860981631916,1.1693028190139116,False
calcification,C4,0.2,gaussian 1,paper,0.10634987359214838,1e-05,40.2241230570552,0.02887238687053432,True
calcification,C4,0.2,gaussian 1,paper,0.10634987359214838,0.0001,31.85206991230394,0.1948105342630946,False
calcification,C4,0.2,gaussian 1,paper,0.10634987359214838,0.001,14.38786415053027,0.5649165340004906,False
calcification,C4,0.2,gaussian 1,paper,0.10634987359214838,0.01,5.259038239474797,0.8466021395281963,False
calcification,C4,0.2,gaussian 1,paper,0.10634987359214838,0.025,3.4705301894054847,0.9199404327182368,False
calcification,C4,0.2,gaussian 1,paper,0.10634987359214838,0.05,2.6067665574558774,0.9798120141714574,False
calcification,C4,0.2,gaussian 1,paper,0.10634987359214838,0.1,1.9305179331793896,1.0342753339608823,False
calcification,C4,0.2,gaussian 2,paper,0.21269974718429677,1e-05,16.407407570024805,0.004839988513389711,True
calcification,C4,0.2,gaussian 2,paper,0.21269974718429677,0.0001,15.381691613866746,0.044679955090278285,True
calcification,C4,0.2,gaussian 2,paper,0.21269974718429677,0.001,10.494519787436031,0.2574977183485308,False
calcification,C4,0.2,gaussian 2,paper,0.21269974718429677,0.01,4.54558033556072,0.5877429910144281,False
calcification,C4,0.2,gaussian 2,paper,0.21269974718429677,0.025,3.1560166423658917,0.7079938739543363,False
calcification,C4,0.2,gaussian 2,paper,0.21269974718429677,0.05,2.3715427881996693,0.7798251065056507,False
calcification,C4,0.2,gaussian 2,paper,0.21269974718429677,0.1,1.7514905626916133,0.8371390448417121,False
calcification,C4,0.2,gaussian 4,paper,0.42539949436859353,1e-05,7.090670216131714,0.0008707687471129923,True
calcification,C4,0.2,gaussian 4,paper,0.42539949436859353,0.0001,7.002031967515056,0.008583491784594915,True
calcification,C4,0.2,gaussian 4,paper,0.42539949436859353,0.001,6.247225778089798,0.07524551872758589,False
calcification,C4,0.2,gaussian 4,paper,0.42539949436859353,0.01,3.64950760233093,0.3477066564212516,False
calcification,C4,0.2,gaussian 4,paper,0.42539949436859353,0.025,2.63397574746888,0.4761196265354848,False
calcification,C4,0.2,gaussian 4,paper,0.42539949436859353,0.05,1.9908943242566968,0.5526429282909693,False
calcification,C4,0.2,gaussian 4,paper,0.42539949436859353,0.1,1.535415361565072,0.6454488953120482,False
calcification,C4,0.2,gaussian 8,paper,0.8507989887371871,1e-05,3.3597959592657554,0.000223336998259719,True
calcification,C4,0.2,gaussian 8,paper,0.8507989887371871,0.0001,3.3466451167158446,0.0022244021750021225,True
calcification,C4,0.2,gaussian 8,paper,0.8507989887371871,0.001,3.24067771335409,0.02138537765549725,True
calcification,C4,0.2,gaussian 8,paper,0.8507989887371871,0.01,2.5764553914353208,0.1543266484853372,False
calcification,C4,0.2,gaussian 8,paper,0.8507989887371871,0.025,2.019117108649129,0.2637477299678755,False
calcification,C4,0.2,gaussian 8,paper,0.8507989887371871,0.05,1.6356917033387774,0.3598408288523691,False
calcification,C4,0.2,gaussian 8,paper,0.8507989887371871,0.1,1.4459406254113043,0.45888129721892557,False
calcification,C4,0.2,gaussian 16,paper,1.7015979774743741,1e-05,2.115056111213965,6.405702490818667e-05,True
calcification,C4,0.2,gaussian 16,paper,1.7015979774743741,0.0001,2.114897296972493,0.0006398107142223056,True
calcification,C4,0.2,gaussian 16,paper,1.7015979774743741,0.001,2.1133262670140303,0.006323134238422901,True
calcification,C4,0.2,gaussian 16,paper,1.7015979774743741,0.01,2.0986856337558994,0.05660035101159812,False
calcification,C4,0.2,gaussian 16,paper,1.7015979774743741,0.025,2.0762275680759807,0.12045889691663612,False
calcification,C4,0.2,gaussian 16,paper,1.7015979774743741,0.05,2.041142658314179,0.19311009681504418,False
calcification,C4,0.2,gaussian 16,paper,1.7015979774743741,0.1,1.9763011190215376,0.276754120962053,False
calcification,C4,0.2,gaussian 32,paper,3.4031959549487483,1e-05,2.5894428758549037,2.467742864191454e-05,True
calcification,C4,0.2,gaussian 32,paper,3.4031959549487483,0.0001,2.5892393462601206,0.0002466941733223569,True
calcification,C4,0.2,gaussian 32,paper,3.4031959549487483,0.001,2.587205972121204,0.00245943981510343,True
calcification,C4,0.2,gaussian 32,paper,3.4031959549487483,0.01,2.567062192612174,0.024185097864135998,True
calcification,C4,0.2,gaussian 32,paper,3.4031959549487483,0.025,2.534235548872487,0.059495672294840755,False
calcification,C4,0.2,gaussian 32,paper,3.4031959549487483,0.05,2.4814918981029166,0.1162328184099938,False
calcification,C4,0.2,gaussian 32,paper,3.4031959549487483,0.1,2.382755006171745,0.22258912798145417,False
calcification,C4,0.2,gaussian 64,paper,6.8063919098974965,1e-05,2.791719762257118,2.7406673906772567e-05,True
calcification,C4,0.2,gaussian 64,paper,6.8063919098974965,0.0001,2.7914782843816526,0.00027404276102299425,True
calcification,C4,0.2,gaussian 64,paper,6.8063919098974965,0.001,2.789065841639762,0.0027380321370721016,True
calcification,C4,0.2,gaussian 64,paper,6.8063919098974965,0.01,2.7651727357954075,0.02714308242352086,True
calcification,C4,0.2,gaussian 64,paper,6.8063919098974965,0.025,2.726263124627736,0.0668919639378779,False
calcification,C4,0.2,gaussian 64,paper,6.8063919098974965,0.05,2.6638310920547474,0.13068533412339667,False
calcification,C4,0.2,gaussian 64,paper,6.8063919098974965,0.1,2.5473003487023407,0.24980699015671406,False
calcification,C4,0.2,gaussian 128,extended,13.612783819794993,1e-05,2.852529096789946,2.837451356916107e-05,True
calcification,C4,0.2,gaussian 128,extended,13.612783819794993,0.0001,2.85227525401632,0.0002837198217137672,True
calcification,C4,0.2,gaussian 128,extended,13.612783819794993,0.001,2.8497393178485426,0.0028346693073070593,True
calcification,C4,0.2,gaussian 128,extended,13.612783819794993,0.01,2.8246266616530122,0.02809626554909992,True
calcification,C4,0.2,gaussian 128,extended,13.612783819794993,0.025,2.783744937122331,0.06922149756910916,False
calcification,C4,0.2,gaussian 128,extended,13.612783819794993,0.05,2.7181852453191624,0.13517440577591489,False
calcification,C4,0.2,gaussian 128,extended,13.612783819794993,0.1,2.5959412935142865,0.2581606068746886,False
calcification,C4,0.2,gaussian 256,extended,27.225567639589986,1e-05,2.8689366592650205,2.865613558624909e-05,True
calcification,C4,0.2,gaussian 256,extended,27.225567639589986,0.0001,2.868679092418165,0.00028653562164059293,True
calcification,C4,0.2,gaussian 256,extended,27.225567639589986,0.001,2.866105966294226,0.002862785334879422,True
calcification,C4,0.2,gaussian 256,extended,27.225567639589986,0.01,2.8406264289985312,0.02837328076694692,True
calcification,C4,0.2,gaussian 256,extended,27.225567639589986,0.025,2.7991529328618543,0.06989727626963183,False
calcification,C4,0.2,gaussian 256,extended,27.225567639589986,0.05,2.7326586655730094,0.13647278977681906,False
calcification,C4,0.2,gaussian 256,extended,27.225567639589986,0.1,2.6087208401097337,0.260562977391158,False
calcification,C4,0.2,gaussian 512,extended,54.45113527917997,1e-05,2.872338175341023,2.871935343544598e-05,True
calcification,C4,0.2,gaussian 512,extended,54.45113527917997,0.0001,2.8720797636595345,0.0002871676965944805,True
calcification,C4,0.2,gaussian 512,extended,54.45113527917997,0.001,2.869498201872591,0.002869095744658039,True
calcification,C4,0.2,gaussian 512,extended,54.45113527917997,0.01,2.8439355602486187,0.028435364766516674,True
calcification,C4,0.2,gaussian 512,extended,54.45113527917997,0.025,2.802328459914504,0.07004837187767267,False
calcification,C4,0.2,gaussian 512,extended,54.45113527917997,0.05,2.73562432928886,0.13676197900386267,False
calcification,C4,0.2,gaussian 512,extended,54.45113527917997,0.1,2.6113098303691102,0.2610941613770568,False
calcification,C4,0.2,gaussian D-027,D-027,0.03208887830598762,1e-05,142.54201118924,0.46628907871116737,False
calcification,C4,0.2,gaussian D-027,D-027,0.03208887830598762,0.0001,50.71326852903453,0.8217145535798457,False
calcification,C4,0.2,gaussian D-027,D-027,0.03208887830598762,0.001,17.390151026241053,0.9932193004335395,False
calcification,C4,0.2,gaussian D-027,D-027,0.03208887830598762,0.01,6.263015591054553,1.1229960574426816,False
calcification,C4,0.2,gaussian D-027,D-027,0.03208887830598762,0.025,4.130421972588668,1.1821747837605052,False
calcification,C4,0.2,gaussian D-027,D-027,0.03208887830598762,0.05,3.0081694457550014,1.2200616864496179,False
calcification,C4,0.2,gaussian D-027,D-027,0.03208887830598762,0.1,2.1699052098802856,1.2630078250258432,False
calcification,C4,0.2,gaussian D-027,D-027,0.03208887830598762,0.0,298.76935150690247,0.0,False
calcification,C4,0.1,linear,paper,,1e-05,4.829676471876719,4.409954136011084,False
calcification,C4,0.1,linear,paper,,0.0001,4.820155877244467,4.409954140488668,False
calcification,C4,0.1,linear,paper,,0.001,4.727405819500946,4.4099545638576965,False
calcification,C4,0.1,linear,paper,,0.01,4.000709095401653,4.409984186340246,False
calcification,C4,0.1,linear,paper,,0.025,3.281522190869023,4.410073097656034,False
calcification,C4,0.1,linear,paper,,0.05,2.5982425331581487,4.410230042245293,False
calcification,C4,0.1,linear,paper,,0.1,1.8749586807541834,4.410507953383956,False
calcification,C4,0.1,gaussian 0.25,paper,0.026587468398037096,1e-05,120.3560643657775,0.43357522257601655,False
calcification,C4,0.1,gaussian 0.25,paper,0.026587468398037096,0.0001,48.80857409099325,0.7063333641260698,False
calcification,C4,0.1,gaussian 0.25,paper,0.026587468398037096,0.001,20.05705649750305,0.9343936658781222,False
calcification,C4,0.1,gaussian 0.25,paper,0.026587468398037096,0.01,7.678081341719832,1.220537556364727,False
calcification,C4,0.1,gaussian 0.25,paper,0.026587468398037096,0.025,5.204534135511483,1.3688159956610688,False
calcification,C4,0.1,gaussian 0.25,paper,0.026587468398037096,0.05,3.828052221717735,1.4800502182322335,False
calcification,C4,0.1,gaussian 0.25,paper,0.026587468398037096,0.1,2.7539644238320955,1.5819899423799462,False
calcification,C4,0.1,gaussian 0.5,paper,0.05317493679607419,1e-05,72.29943931775058,0.09857424749844523,False
calcification,C4,0.1,gaussian 0.5,paper,0.05317493679607419,0.0001,37.67237274442846,0.4010636154835216,False
calcification,C4,0.1,gaussian 0.5,paper,0.05317493679607419,0.001,14.954519498076527,0.6869246584924047,False
calcification,C4,0.1,gaussian 0.5,paper,0.05317493679607419,0.01,6.259223624229473,0.9114962192804111,False
calcification,C4,0.1,gaussian 0.5,paper,0.05317493679607419,0.025,4.442175702011424,1.0159443617289532,False
calcification,C4,0.1,gaussian 0.5,paper,0.05317493679607419,0.05,3.427088023357232,1.1031770981164983,False
calcification,C4,0.1,gaussian 0.5,paper,0.05317493679607419,0.1,2.56417403298579,1.1892933657868139,False
calcification,C4,0.1,gaussian 1,paper,0.10634987359214838,1e-05,25.353105272297764,0.015812651651645887,True
calcification,C4,0.1,gaussian 1,paper,0.10634987359214838,0.0001,21.524856306362086,0.10639099733393159,False
calcification,C4,0.1,gaussian 1,paper,0.10634987359214838,0.001,11.702683832623565,0.3763829141748403,False
calcification,C4,0.1,gaussian 1,paper,0.10634987359214838,0.01,4.698075142787296,0.6671999183711462,False
calcification,C4,0.1,gaussian 1,paper,0.10634987359214838,0.025,3.337502675599516,0.7638606926608711,False
calcification,C4,0.1,gaussian 1,paper,0.10634987359214838,0.05,2.6163054661381673,0.8313167874313481,False
calcification,C4,0.1,gaussian 1,paper,0.10634987359214838,0.1,2.0429989468931966,0.8952209562105602,False
calcification,C4,0.1,gaussian 2,paper,0.21269974718429677,1e-05,8.861112901418657,0.002541458375254192,True
calcification,C4,0.1,gaussian 2,paper,0.21269974718429677,0.0001,8.49102973911578,0.02343862006479609,True
calcification,C4,0.1,gaussian 2,paper,0.21269974718429677,0.001,6.64987847325837,0.13235377758197353,False
calcification,C4,0.1,gaussian 2,paper,0.21269974718429677,0.01,3.6233503911530485,0.3681003800314918,False
calcification,C4,0.1,gaussian 2,paper,0.21269974718429677,0.025,2.6128558258101813,0.4845826600828135,False
calcification,C4,0.1,gaussian 2,paper,0.21269974718429677,0.05,2.0165447598767945,0.5671978036354005,False
calcification,C4,0.1,gaussian 2,paper,0.21269974718429677,0.1,1.5880577478359927,0.6497962446974437,False
calcification,C4,0.1,gaussian 4,paper,0.42539949436859353,1e-05,3.5558534064586604,0.00043254763022811034,True
calcification,C4,0.1,gaussian 4,paper,0.42539949436859353,0.0001,3.513816006430383,0.004261964246703447,True
calcification,C4,0.1,gaussian 4,paper,0.42539949436859353,0.001,3.167625388323702,0.0371966022022598,True
calcification,C4,0.1,gaussian 4,paper,0.42539949436859353,0.01,2.3473843824549876,0.17070364641960967,False
calcification,C4,0.1,gaussian 4,paper,0.42539949436859353,0.025,1.8759754750861348,0.24300439307208485,False
calcification,C4,0.1,gaussian 4,paper,0.42539949436859353,0.05,1.5506248830424423,0.32607691667357674,False
calcification,C4,0.1,gaussian 4,paper,0.42539949436859353,0.1,1.437088565148892,0.4160105543162212,False
calcification,C4,0.1,gaussian 8,paper,0.8507989887371871,1e-05,2.254697979306596,9.328216568263419e-05,True
calcification,C4,0.1,gaussian 8,paper,0.8507989887371871,0.0001,2.25450749965551,0.0009297242090837086,True
calcification,C4,0.1,gaussian 8,paper,0.8507989887371871,0.001,2.252668620356692,0.008998799740540082,True
calcification,C4,0.1,gaussian 8,paper,0.8507989887371871,0.01,2.2376914723046673,0.0683441137636188,False
calcification,C4,0.1,gaussian 8,paper,0.8507989887371871,0.025,2.2175609644354712,0.12348303233144148,False
calcification,C4,0.1,gaussian 8,paper,0.8507989887371871,0.05,2.1884580131168585,0.17446679531652073,False
calcification,C4,0.1,gaussian 8,paper,0.8507989887371871,0.1,2.1377353051316734,0.23464068500247431,False
calcification,C4,0.1,gaussian 16,paper,1.7015979774743741,1e-05,3.234476820178614,2.992142388713979e-05,True
calcification,C4,0.1,gaussian 16,paper,1.7015979774743741,0.0001,3.2342774342332015,0.0002989511065249435,True
calcification,C4,0.1,gaussian 16,paper,1.7015979774743741,0.001,3.2322863734708602,0.0029638817742583005,True
calcification,C4,0.1,gaussian 16,paper,1.7015979774743741,0.01,3.2126375074107028,0.027801892047682547,True
calcification,C4,0.1,gaussian 16,paper,1.7015979774743741,0.025,3.1808137377786356,0.06663613533228598,False
calcification,C4,0.1,gaussian 16,paper,1.7015979774743741,0.05,3.129908156830894,0.12919134516751465,False
calcification,C4,0.1,gaussian 16,paper,1.7015979774743741,0.1,3.0346517843440295,0.24746228712743604,False
calcification,C4,0.1,gaussian 32,paper,3.4031959549487483,1e-05,4.011565344364245,3.745295292531962e-05,True
calcification,C4,0.1,gaussian 32,paper,3.4031959549487483,0.0001,4.011252045725976,0.00037449879974868987,True
calcification,C4,0.1,gaussian 32,paper,3.4031959549487483,0.001,4.008121954842744,0.00374191819704335,True
calcification,C4,0.1,gaussian 32,paper,3.4031959549487483,0.01,3.9771075756628687,0.037115302277122994,True
calcification,C4,0.1,gaussian 32,paper,3.4031959549487483,0.025,3.9265453366828154,0.09155225636452008,False
calcification,C4,0.1,gaussian 32,paper,3.4031959549487483,0.05,3.845259839900443,0.17914122767167912,False
calcification,C4,0.1,gaussian 32,paper,3.4031959549487483,0.1,3.6929693246899444,0.34348561694473845,False
calcification,C4,0.1,gaussian 64,paper,6.8063919098974965,1e-05,4.3320954683192285,4.25236402038667e-05,True
calcification,C4,0.1,gaussian 64,paper,6.8063919098974965,0.0001,4.331720583359436,0.00042519923654535304,True
calcification,C4,0.1,gaussian 64,paper,6.8063919098974965,0.001,4.327975353550889,0.004248279420415011,True
calcification,C4,0.1,gaussian 64,paper,6.8063919098974965,0.01,4.29088151002516,0.04211506873529565,True
calcification,C4,0.1,gaussian 64,paper,6.8063919098974965,0.025,4.2304721042764335,0.1037906672404284,False
calcification,C4,0.1,gaussian 64,paper,6.8063919098974965,0.05,4.133536212954595,0.2027777729268054,False
calcification,C4,0.1,gaussian 64,paper,6.8063919098974965,0.1,3.9525818980298464,0.38762664075062175,False
calcification,C4,0.1,gaussian 128,extended,13.612783819794993,1e-05,4.423539284503269,4.402643136695802e-05,True
calcification,C4,0.1,gaussian 128,extended,13.612783819794993,0.0001,4.4231450952534,0.00044022500649815844,True
calcification,C4,0.1,gaussian 128,extended,13.612783819794993,0.001,4.419207073749544,0.00439832321212703,True
calcification,C4,0.1,gaussian 128,extended,13.612783819794993,0.01,4.380210149504144,0.043594373078225744,True
calcification,C4,0.1,gaussian 128,extended,13.612783819794993,0.025,4.316726500689749,0.10740340101049928,False
calcification,C4,0.1,gaussian 128,extended,13.612783819794993,0.05,4.214923374650644,0.20973148679883216,False
calcification,C4,0.1,gaussian 128,extended,13.612783819794993,0.1,4.025106184281746,0.4005380801783196,False
calcification,C4,0.1,gaussian 256,extended,27.225567639589986,1e-05,4.445329843354345,4.4410162600778934e-05,True
calcification,C4,0.1,gaussian 256,extended,27.225567639589986,0.0001,4.4449305895843425,0.00044406173063738923,True
calcification,C4,0.1,gaussian 256,extended,27.225567639589986,0.001,4.440941994027213,0.004436631709183362,True
calcification,C4,0.1,gaussian 256,extended,27.225567639589986,0.01,4.401446358945061,0.0439716583017654,True
calcification,C4,0.1,gaussian 256,extended,27.225567639589986,0.025,4.3371590946681335,0.10832318142895324,False
calcification,C4,0.1,gaussian 256,extended,27.225567639589986,0.05,4.234088878193542,0.21149678890131707,False
calcification,C4,0.1,gaussian 256,extended,27.225567639589986,0.1,4.041981813816544,0.4037977717542684,False
calcification,C4,0.1,gaussian 512,extended,54.45113527917997,1e-05,4.449639036731074,4.449077706456558e-05,True
calcification,C4,0.1,gaussian 512,extended,54.45113527917997,0.0001,4.449238710539149,0.00044486774282615085,True
calcification,C4,0.1,gaussian 512,extended,54.45113527917997,0.001,4.445239406924076,0.004444678604164366,True
calcification,C4,0.1,gaussian 512,extended,54.45113527917997,0.01,4.405638286911655,0.04405082234670041,True
calcification,C4,0.1,gaussian 512,extended,54.45113527917997,0.025,4.3411814611773325,0.10851582875457413,False
calcification,C4,0.1,gaussian 512,extended,54.45113527917997,0.05,4.237844960715017,0.21186545419349723,False
calcification,C4,0.1,gaussian 512,extended,54.45113527917997,0.1,4.045260154907972,0.40447475285521695,False
calcification,C4,0.1,gaussian D-027,D-027,0.03208887830598762,1e-05,111.52036692165801,0.3286326822970452,False
calcification,C4,0.1,gaussian D-027,D-027,0.03208887830598762,0.0001,45.4590346736547,0.6349380677045146,False
calcification,C4,0.1,gaussian D-027,D-027,0.03208887830598762,0.001,18.407019044326642,0.8700386369975194,False
calcification,C4,0.1,gaussian D-027,D-027,0.03208887830598762,0.01,7.427137044569559,1.126387187412466,False
calcification,C4,0.1,gaussian D-027,D-027,0.03208887830598762,0.025,5.004601490218263,1.2548499640756723,False
calcification,C4,0.1,gaussian D-027,D-027,0.03208887830598762,0.05,3.752644686626812,1.3727135742098404,False
calcification,C4,0.1,gaussian D-027,D-027,0.03208887830598762,0.1,2.7580005829567558,1.4898100426918353,False
calcification,C4,0.1,gaussian D-027,D-027,0.03208887830598762,0.0,212.2726101227486,0.0,False
calcification,C4,0.05,linear,paper,,1e-05,4.485249072720788,6.975925005013257,False
calcification,C4,0.05,linear,paper,,0.0001,4.47729042198321,6.975925012245544,False
calcification,C4,0.05,linear,paper,,0.001,4.399750629057236,6.975925696013436,False
calcification,C4,0.05,linear,paper,,0.01,3.7844717419990532,6.975973172409799,False
calcification,C4,0.05,linear,paper,,0.025,3.133286210958686,6.976113117281874,False
calcification,C4,0.05,linear,paper,,0.05,2.4851602232856402,6.976352297977576,False
calcification,C4,0.05,linear,paper,,0.1,1.8716037019175629,6.976754928688314,False
calcification,C4,0.05,gaussian 0.25,paper,0.026587468398037096,1e-05,71.40428601059571,0.19741482569351554,False
calcification,C4,0.05,gaussian 0.25,paper,0.026587468398037096,0.0001,35.95297781080302,0.3968551352447844,False
calcification,C4,0.05,gaussian 0.25,paper,0.026587468398037096,0.001,16.436444697261305,0.6622665186974718,False
calcification,C4,0.05,gaussian 0.25,paper,0.026587468398037096,0.01,6.778619605170827,0.9915193267776765,False
calcification,C4,0.05,gaussian 0.25,paper,0.026587468398037096,0.025,4.828803445165377,1.1347380120807287,False
calcification,C4,0.05,gaussian 0.25,paper,0.026587468398037096,0.05,3.644446166858311,1.2519753664989477,False
calcification,C4,0.05,gaussian 0.25,paper,0.026587468398037096,0.1,2.758950319390227,1.368800657631534,False
calcification,C4,0.05,gaussian 0.5,paper,0.05317493679607419,1e-05,32.418171634308194,0.03929002069726421,True
calcification,C4,0.05,gaussian 0.5,paper,0.05317493679607419,0.0001,20.469409176811283,0.1705214076076838,False
calcification,C4,0.05,gaussian 0.5,paper,0.05317493679607419,0.001,10.703371313545833,0.36082301340720035,False
calcification,C4,0.05,gaussian 0.5,paper,0.05317493679607419,0.01,5.005440898447767,0.6137066625382174,False
calcification,C4,0.05,gaussian 0.5,paper,0.05317493679607419,0.025,3.754120105596186,0.7383711352972652,False
calcification,C4,0.05,gaussian 0.5,paper,0.05317493679607419,0.05,3.0080555096825043,0.8366989709732592,False
calcification,C4,0.05,gaussian 0.5,paper,0.05317493679607419,0.1,2.3359072806955288,0.9361643837456388,False
calcification,C4,0.05,gaussian 1,paper,0.10634987359214838,1e-05,9.951609574470032,0.005284576290488304,True
calcification,C4,0.05,gaussian 1,paper,0.10634987359214838,0.0001,9.001677092062161,0.03600072521945658,True
calcification,C4,0.05,gaussian 1,paper,0.10634987359214838,0.001,6.223014650156545,0.1484206827817495,False
calcification,C4,0.05,gaussian 1,paper,0.10634987359214838,0.01,3.310170881792734,0.3436473668686751,False
calcification,C4,0.05,gaussian 1,paper,0.10634987359214838,0.025,2.5155548136076074,0.4363749296873076,False
calcification,C4,0.05,gaussian 1,paper,0.10634987359214838,0.05,2.0296837198846305,0.515014347337663,False
calcification,C4,0.05,gaussian 1,paper,0.10634987359214838,0.1,1.6407909133036795,0.5982253802099119,False
calcification,C4,0.05,gaussian 2,paper,0.21269974718429677,1e-05,3.165413027429692,0.0007842726902755402,True
calcification,C4,0.05,gaussian 2,paper,0.21269974718429677,0.0001,3.1079792765233476,0.00724096207125927,True
calcification,C4,0.05,gaussian 2,paper,0.21269974718429677,0.001,2.815408457159517,0.04151076998335505,True
calcification,C4,0.05,gaussian 2,paper,0.21269974718429677,0.01,2.0247186905066004,0.1432781736665148,False
calcification,C4,0.05,gaussian 2,paper,0.21269974718429677,0.025,1.6745964777121376,0.2175257187968594,False
calcification,C4,0.05,gaussian 2,paper,0.21269974718429677,0.05,1.555281721303421,0.28089530182873335,False
calcification,C4,0.05,gaussian 2,paper,0.21269974718429677,0.1,1.4988266703897122,0.3518624423456356,False
calcification,C4,0.05,gaussian 4,paper,0.42539949436859353,1e-05,2.4031745925585946,0.00012860906695539797,True
calcification,C4,0.05,gaussian 4,paper,0.42539949436859353,0.0001,2.4026142173610543,0.0012671969807396724,True
calcification,C4,0.05,gaussian 4,paper,0.42539949436859353,0.001,2.3976049748143495,0.011054642381855372,True
calcification,C4,0.05,gaussian 4,paper,0.42539949436859353,0.01,2.3687405641936716,0.05039174436940473,False
calcification,C4,0.05,gaussian 4,paper,0.42539949436859353,0.025,2.3405793434989572,0.09384053880142369,False
calcification,C4,0.05,gaussian 4,paper,0.42539949436859353,0.05,2.306725343584216,0.1415336616435186,False
calcification,C4,0.05,gaussian 4,paper,0.42539949436859353,0.1,2.256012360554418,0.20034268571405056,False
calcification,C4,0.05,gaussian 8,paper,0.8507989887371871,1e-05,3.623471315874975,4.08186551671016e-05,True
calcification,C4,0.05,gaussian 8,paper,0.8507989887371871,0.0001,3.6232359456741303,0.00040704882180310416,True
calcification,C4,0.05,gaussian 8,paper,0.8507989887371871,0.001,3.620913643178268,0.00396222109122851,True
calcification,C4,0.05,gaussian 8,paper,0.8507989887371871,0.01,3.599866882376406,0.032718718044241576,True
calcification,C4,0.05,gaussian 8,paper,0.8507989887371871,0.025,3.5692832808209323,0.07166988176995594,False
calcification,C4,0.05,gaussian 8,paper,0.8507989887371871,0.05,3.5238112217539848,0.1324222608527897,False
calcification,C4,0.05,gaussian 8,paper,0.8507989887371871,0.1,3.4432669276897863,0.24576989785080358,False
calcification,C4,0.05,gaussian 16,paper,1.7015979774743741,1e-05,5.194656816830886,4.353544374899248e-05,True
calcification,C4,0.05,gaussian 16,paper,1.7015979774743741,0.0001,5.194331448617816,0.0004353043691536696,True
calcification,C4,0.05,gaussian 16,paper,1.7015979774743741,0.001,5.191082375581075,0.004348078594025311,True
calcification,C4,0.05,gaussian 16,paper,1.7015979774743741,0.01,5.15902362702772,0.04301961593883502,True
calcification,C4,0.05,gaussian 16,paper,1.7015979774743741,0.025,5.107120723514326,0.10587551819158392,False
calcification,C4,0.05,gaussian 16,paper,1.7015979774743741,0.05,5.024136686135011,0.20694251912496422,False
calcification,C4,0.05,gaussian 16,paper,1.7015979774743741,0.1,4.868915760774467,0.3975029271926434,False
calcification,C4,0.05,gaussian 32,paper,3.4031959549487483,1e-05,6.3954091975269485,5.988778767417969e-05,True
calcification,C4,0.05,gaussian 32,paper,3.4031959549487483,0.0001,6.394905562502215,0.00059882845900837,True
calcification,C4,0.05,gaussian 32,paper,3.4031959549487483,0.001,6.3898738958405925,0.005983347897586608,True
calcification,C4,0.05,gaussian 32,paper,3.4031959549487483,0.01,6.340020596393679,0.059344813323960646,False
calcification,C4,0.05,gaussian 32,paper,3.4031959549487483,0.025,6.258755622223409,0.14637466121634907,False
calcification,C4,0.05,gaussian 32,paper,3.4031959549487483,0.05,6.128134468853711,0.2863781860027789,False
calcification,C4,0.05,gaussian 32,paper,3.4031959549487483,0.1,5.883475707672477,0.5489802994959782,False
calcification,C4,0.05,gaussian 64,paper,6.8063919098974965,1e-05,6.8728719541881045,6.757916634484885e-05,True
calcification,C4,0.05,gaussian 64,paper,6.8063919098974965,0.0001,6.872274506917943,0.0006757324520107881,True
calcification,C4,0.05,gaussian 64,paper,6.8063919098974965,0.001,6.866305810110662,0.006751409129143162,True
calcification,C4,0.05,gaussian 64,paper,6.8063919098974965,0.01,6.807190800215748,0.06692824857741272,False
calcification,C4,0.05,gaussian 64,paper,6.8063919098974965,0.025,6.710921390728478,0.16493576367655377,False
calcification,C4,0.05,gaussian 64,paper,6.8063919098974965,0.05,6.556449762144776,0.322219540058081,False
calcification,C4,0.05,gaussian 64,paper,6.8063919098974965,0.1,6.268114176095939,0.6158818777189234,False
calcification,C4,0.05,gaussian 128,extended,13.612783819794993,1e-05,6.997223093579076,6.969804827840972e-05,True
calcification,C4,0.05,gaussian 128,extended,13.612783819794993,0.0001,6.996598407942041,0.0006969181784008365,True
calcification,C4,0.05,gaussian 128,extended,13.612783819794993,0.001,6.990357692303268,0.006962957475514301,True
calcification,C4,0.05,gaussian 128,extended,13.612783819794993,0.01,6.928558563756299,0.06901321335762234,False
calcification,C4,0.05,gaussian 128,extended,13.612783819794993,0.025,6.82795729266426,0.17002468526750888,False
calcification,C4,0.05,gaussian 128,extended,13.612783819794993,0.05,6.666638276130648,0.3320051201893084,False
calcification,C4,0.05,gaussian 128,extended,13.612783819794993,0.1,6.365872343165392,0.6340163584544016,False
calcification,C4,0.05,gaussian 256,extended,27.225567639589986,1e-05,7.024634002442707,7.019254409561699e-05,True
calcification,C4,0.05,gaussian 256,extended,27.225567639589986,0.0001,7.0240028209369,0.0007018623621073876,True
calcification,C4,0.05,gaussian 256,extended,27.225567639589986,0.001,7.017697240046489,0.007012321967205636,True
calcification,C4,0.05,gaussian 256,extended,27.225567639589986,0.01,6.955258688687297,0.06949922372841288,False
calcification,C4,0.05,gaussian 256,extended,27.225567639589986,0.025,6.85362788953635,0.1712088815390241,False
calcification,C4,0.05,gaussian 256,extended,27.225567639589986,0.05,6.690687718721714,0.33427589616933356,False
calcification,C4,0.05,gaussian 256,extended,27.225567639589986,0.1,6.386999062360801,0.6382023346277175,False
calcification,C4,0.05,gaussian 512,extended,54.45113527917997,1e-05,7.029934745711092,7.029291379769054e-05,True
calcification,C4,0.05,gaussian 512,extended,54.45113527917997,0.0001,7.029302230728548,0.0007028658920279557,True
calcification,C4,0.05,gaussian 512,extended,54.45113527917997,0.001,7.022983335435396,0.007022340579390993,True
calcification,C4,0.05,gaussian 512,extended,54.45113527917997,0.01,6.960413650378507,0.06959776386287948,False
calcification,C4,0.05,gaussian 512,extended,54.45113527917997,0.025,6.858572162064208,0.1714485961414934,False
calcification,C4,0.05,gaussian 512,extended,54.45113527917997,0.05,6.695301377609647,0.33473437142822227,False
calcification,C4,0.05,gaussian 512,extended,54.45113527917997,0.1,6.391020392743151,0.6390433293906389,False
calcification,C4,0.05,gaussian D-027,D-027,0.03208887830598762,1e-05,58.83593801394611,0.14409753046480955,False
calcification,C4,0.05,gaussian D-027,D-027,0.03208887830598762,0.0001,32.06251962702607,0.3244452878240363,False
calcification,C4,0.05,gaussian D-027,D-027,0.03208887830598762,0.001,14.725379065107317,0.5761574572042399,False
calcification,C4,0.05,gaussian D-027,D-027,0.03208887830598762,0.01,6.432223623694774,0.8826192611310286,False
calcification,C4,0.05,gaussian D-027,D-027,0.03208887830598762,0.025,4.5183606719989475,1.0216786733282788,False
calcification,C4,0.05,gaussian D-027,D-027,0.03208887830598762,0.05,3.4888360872991084,1.1390567687494932,False
calcification,C4,0.05,gaussian D-027,D-027,0.03208887830598762,0.1,2.6458448893926394,1.2654847451496103,False
calcification,C4,0.05,gaussian D-027,D-027,0.03208887830598762,0.0,96.71904559071436,0.0,False
calcification,C4,0.02,linear,paper,,1e-05,2.468256044555198,10.94002025158374,False
calcification,C4,0.02,linear,paper,,0.0001,2.4647585315250105,10.94002025636668,False
calcification,C4,0.02,linear,paper,,0.001,2.4305292386379844,10.94002069915053,False
calcification,C4,0.02,linear,paper,,0.01,2.1451558310084065,10.940051328588218,False
calcification,C4,0.02,linear,paper,,0.025,1.8101648462616728,10.940140703185186,False
calcification,C4,0.02,linear,paper,,0.05,1.4478752537467732,10.940290122179173,False
calcification,C4,0.02,linear,paper,,0.1,1.274561002572363,10.940531029380454,False
calcification,C4,0.02,gaussian 0.25,paper,0.026587468398037096,1e-05,13.002879508515415,0.018107318440247946,True
calcification,C4,0.02,gaussian 0.25,paper,0.026587468398037096,0.0001,8.669646908209781,0.06460520407611925,False
calcification,C4,0.02,gaussian 0.25,paper,0.026587468398037096,0.001,5.222436781754894,0.15230127531429263,False
calcification,C4,0.02,gaussian 0.25,paper,0.026587468398037096,0.01,2.8015554046523463,0.28896430421040925,False
calcification,C4,0.02,gaussian 0.25,paper,0.026587468398037096,0.025,2.0607136141074363,0.38306557617973525,False
calcification,C4,0.02,gaussian 0.25,paper,0.026587468398037096,0.05,1.8152433290518546,0.45058738852854047,False
calcification,C4,0.02,gaussian 0.25,paper,0.026587468398037096,0.1,1.5568146075947473,0.5095592314776431,False
calcification,C4,0.02,gaussian 0.5,paper,0.05317493679607419,1e-05,4.40170041110483,0.0030587090472701636,True
calcification,C4,0.02,gaussian 0.5,paper,0.05317493679607419,0.0001,3.9391518707530113,0.016444761755889905,True
calcification,C4,0.02,gaussian 0.5,paper,0.05317493679607419,0.001,2.7564406914848005,0.06057654721837736,False
calcification,C4,0.02,gaussian 0.5,paper,0.05317493679607419,0.01,1.873511847997529,0.14963164671221665,False
calcification,C4,0.02,gaussian 0.5,paper,0.05317493679607419,0.025,1.5476217943233528,0.1959144603671696,False
calcification,C4,0.02,gaussian 0.5,paper,0.05317493679607419,0.05,1.3877215702759187,0.2556010783601128,False
calcification,C4,0.02,gaussian 0.5,paper,0.05317493679607419,0.1,1.3106101431000965,0.3269664512110695,False
calcification,C4,0.02,gaussian 1,paper,0.10634987359214838,1e-05,2.20731443546734,0.00041988588797517326,True
calcification,C4,0.02,gaussian 1,paper,0.10634987359214838,0.0001,2.18112551849601,0.0031452925637231823,True
calcification,C4,0.02,gaussian 1,paper,0.10634987359214838,0.001,2.097430009984315,0.016386107544166594,True
calcification,C4,0.02,gaussian 1,paper,0.10634987359214838,0.01,1.9513686532887873,0.06429532480509673,False
calcification,C4,0.02,gaussian 1,paper,0.10634987359214838,0.025,1.880837755628235,0.09927266169307385,False
calcification,C4,0.02,gaussian 1,paper,0.10634987359214838,0.05,1.8210938313127747,0.13590768256861555,False
calcification,C4,0.02,gaussian 1,paper,0.10634987359214838,0.1,1.7563417242214994,0.19514291607525916,False
calcification,C4,0.02,gaussian 2,paper,0.21269974718429677,1e-05,2.904307865966208,0.0001619846283276433,True
calcification,C4,0.02,gaussian 2,paper,0.21269974718429677,0.0001,2.8989699713347625,0.0015401791499945485,True
calcification,C4,0.02,gaussian 2,paper,0.21269974718429677,0.001,2.8641234925422547,0.011055048209619181,True
calcification,C4,0.02,gaussian 2,paper,0.21269974718429677,0.01,2.760610036484592,0.053814742699126006,False
calcification,C4,0.02,gaussian 2,paper,0.21269974718429677,0.025,2.691481992236205,0.09728805634239736,False
calcification,C4,0.02,gaussian 2,paper,0.21269974718429677,0.05,2.624867548205946,0.1509218186453336,False
calcification,C4,0.02,gaussian 2,paper,0.21269974718429677,0.1,2.541518655885174,0.23477329871891414,False
calcification,C4,0.02,gaussian 4,paper,0.42539949436859353,1e-05,4.05296403076361,7.983586818956752e-05,True
calcification,C4,0.02,gaussian 4,paper,0.42539949436859353,0.0001,4.051922110543637,0.0007907078293168147,True
calcification,C4,0.02,gaussian 4,paper,0.42539949436859353,0.001,4.042512454742118,0.007255490257743317,True
calcification,C4,0.02,gaussian 4,paper,0.42539949436859353,0.01,3.9872365791944024,0.049055614208224886,False
calcification,C4,0.02,gaussian 4,paper,0.42539949436859353,0.025,3.9330553750936814,0.09936977736258285,False
calcification,C4,0.02,gaussian 4,paper,0.42539949436859353,0.05,3.867891866544901,0.16985139146986328,False
calcification,C4,0.02,gaussian 4,paper,0.42539949436859353,0.1,3.770479082253023,0.2900841570040098,False
calcification,C4,0.02,gaussian 8,paper,0.8507989887371871,1e-05,5.910801847880409,5.565996849983393e-05,True
calcification,C4,0.02,gaussian 8,paper,0.8507989887371871,0.0001,5.910363938420103,0.0005559110893375367,True
calcification,C4,0.02,gaussian 8,paper,0.8507989887371871,0.001,5.906050555056,0.0054935303114757705,True
calcification,C4,0.02,gaussian 8,paper,0.8507989887371871,0.01,5.8674655392549715,0.050559252770004066,False
calcification,C4,0.02,gaussian 8,paper,0.8507989887371871,0.025,5.812410911221592,0.1176804880555151,False
calcification,C4,0.02,gaussian 8,paper,0.8507989887371871,0.05,5.731534401887286,0.22093903697688155,False
calcification,C4,0.02,gaussian 8,paper,0.8507989887371871,0.1,5.589516255819971,0.4108200190946404,False
calcification,C4,0.02,gaussian 16,paper,1.7015979774743741,1e-05,8.249494042881343,7.032295652222366e-05,True
calcification,C4,0.02,gaussian 16,paper,1.7015979774743741,0.0001,8.248955679626727,0.0007031442150158926,True
calcification,C4,0.02,gaussian 16,paper,1.7015979774743741,0.001,8.243580672176346,0.007022971828479844,True
calcification,C4,0.02,gaussian 16,paper,1.7015979774743741,0.01,8.190632479330022,0.06943890654880161,False
calcification,C4,0.02,gaussian 16,paper,1.7015979774743741,0.025,8.105171982065668,0.17071700175509025,False
calcification,C4,0.02,gaussian 16,paper,1.7015979774743741,0.05,7.968981446599002,0.3332045596355765,False
calcification,C4,0.02,gaussian 16,paper,1.7015979774743741,0.1,7.715112892876992,0.6387677353319587,False
calcification,C4,0.02,gaussian 32,paper,3.4031959549487483,1e-05,10.019977201669507,9.402940928821818e-05,True
calcification,C4,0.02,gaussian 32,paper,3.4031959549487483,0.0001,10.019183503277317,0.0009402156265516207,True
calcification,C4,0.02,gaussian 32,paper,3.4031959549487483,0.001,10.011253988442574,0.00939431805566957,True
calcification,C4,0.02,gaussian 32,paper,3.4031959549487483,0.01,9.932697423222598,0.09316763928170271,False
calcification,C4,0.02,gaussian 32,paper,3.4031959549487483,0.025,9.804673736806578,0.22976798036336388,False
calcification,C4,0.02,gaussian 32,paper,3.4031959549487483,0.05,9.59896234337372,0.44944694433714427,False
calcification,C4,0.02,gaussian 32,paper,3.4031959549487483,0.1,9.213836160188771,0.861308032383496,False
calcification,C4,0.02,gaussian 64,paper,6.8063919098974965,1e-05,10.738550072267904,0.00010559698718916448,True
calcification,C4,0.02,gaussian 64,paper,6.8063919098974965,0.0001,10.737615835252514,0.0010558773213123172,True
calcification,C4,0.02,gaussian 64,paper,6.8063919098974965,0.001,10.728282497150298,0.010549527155774643,True
calcification,C4,0.02,gaussian 64,paper,6.8063919098974965,0.01,10.635843507979382,0.1045795778507869,False
calcification,C4,0.02,gaussian 64,paper,6.8063919098974965,0.025,10.485305633861874,0.25772140030530255,False
calcification,C4,0.02,gaussian 64,paper,6.8063919098974965,0.05,10.243755763042715,0.5034830596531974,False
calcification,C4,0.02,gaussian 64,paper,6.8063919098974965,0.1,9.792878056082591,0.9623343026346298,False
calcification,C4,0.02,gaussian 128,extended,13.612783819794993,1e-05,10.92516895394645,0.00010883410002594404,True
calcification,C4,0.02,gaussian 128,extended,13.612783819794993,0.0001,10.924193315457702,0.0010882436991549163,True
calcification,C4,0.02,gaussian 128,extended,13.612783819794993,0.001,10.914446522038437,0.010872716454387301,True
calcification,C4,0.02,gaussian 128,extended,13.612783819794993,0.01,10.817928292296763,0.10776458981980432,False
calcification,C4,0.02,gaussian 128,extended,13.612783819794993,0.025,10.66080898440153,0.26549417749563026,False
calcification,C4,0.02,gaussian 128,extended,13.612783819794993,0.05,10.408861447912805,0.5184256339697159,False
calcification,C4,0.02,gaussian 128,extended,13.612783819794993,0.1,9.939129353758924,0.9900098824098198,False
calcification,C4,0.02,gaussian 256,extended,27.225567639589986,1e-05,10.965910156199064,0.0001095775866010738,True
calcification,C4,0.02,gaussian 256,extended,27.225567639589986,0.0001,10.96492479081012,0.0010956773900889793,True
calcification,C4,0.02,gaussian 256,extended,27.225567639589986,0.001,10.955080869669727,0.010946936036506648,True
calcification,C4,0.02,gaussian 256,extended,27.225567639589986,0.01,10.857605317249298,0.10849520560087869,False
calcification,C4,0.02,gaussian 256,extended,27.225567639589986,0.025,10.698945154695549,0.26727396445343077,False
calcification,C4,0.02,gaussian 256,extended,27.225567639589986,0.05,10.44457264496931,0.5218372253699203,False
calcification,C4,0.02,gaussian 256,extended,27.225567639589986,0.1,9.970473054761896,0.9962943652001081,False
calcification,C4,0.02,gaussian 512,extended,54.45113527917997,1e-05,10.973884502160084,0.00010972924510264722,True
calcification,C4,0.02,gaussian 512,extended,54.45113527917997,0.0001,10.972897124100266,0.001097193721527434,True
calcification,C4,0.02,gaussian 512,extended,54.45113527917997,0.001,10.963033107121104,0.010962074028199863,True
calcification,C4,0.02,gaussian 512,extended,54.45113527917997,0.01,10.865359643534072,0.10864408785430912,False
calcification,C4,0.02,gaussian 512,extended,54.45113527917997,0.025,10.706381552120234,0.26763610216727435,False
calcification,C4,0.02,gaussian 512,extended,54.45113527917997,0.05,10.451510275475961,0.5225297156113556,False
calcification,C4,0.02,gaussian 512,extended,54.45113527917997,0.1,9.976517500059394,0.9975641712479457,False
calcification,C4,0.02,gaussian D-027,D-027,0.03208887830598762,1e-05,9.837349679117052,0.01212993185976419,True
calcification,C4,0.02,gaussian D-027,D-027,0.03208887830598762,0.0001,7.317955530127682,0.04515154869386045,False
calcification,C4,0.02,gaussian D-027,D-027,0.03208887830598762,0.001,4.379840917473548,0.12627954914912615,False
calcification,C4,0.02,gaussian D-027,D-027,0.03208887830598762,0.01,2.59378910699619,0.2367967499234997,False
calcification,C4,0.02,gaussian D-027,D-027,0.03208887830598762,0.025,1.8954109065900697,0.32710999735201907,False
calcification,C4,0.02,gaussian D-027,D-027,0.03208887830598762,0.05,1.6423487201503493,0.39863221747353556,False
calcification,C4,0.02,gaussian D-027,D-027,0.03208887830598762,0.1,1.4355184489815658,0.46477405077747536,False
calcification,C4,0.02,gaussian D-027,D-027,0.03208887830598762,0.0,10.85170378897269,0.0,False
calcification,C5,1.0,linear,paper,,1e-05,4.83973691850894,1.7028605494743647,False
calcification,C5,1.0,linear,paper,,0.0001,4.829403796439862,1.7028605529424663,False
calcification,C5,1.0,linear,paper,,0.001,4.728449417585223,1.702860882358556,False
calcification,C5,1.0,linear,paper,,0.01,3.9109688115540004,1.7028844760240283,False
calcification,C5,1.0,linear,paper,,0.025,3.0363828917215376,1.7029598617991504,False
calcification,C5,1.0,linear,paper,,0.05,2.2153643032420747,1.7031075031817207,False
calcification,C5,1.0,linear,paper,,0.1,1.5670049090190326,1.7034050459299857,False
calcification,C5,1.0,gaussian 0.25,paper,0.026587468398037096,1e-05,161.0259976562953,0.7149393137588973,False
calcification,C5,1.0,gaussian 0.25,paper,0.026587468398037096,0.0001,54.75118710617265,0.9591954381185425,False
calcification,C5,1.0,gaussian 0.25,paper,0.026587468398037096,0.001,17.776094367886028,1.0784471777904634,False
calcification,C5,1.0,gaussian 0.25,paper,0.026587468398037096,0.01,5.936187936301572,1.196081833540474,False
calcification,C5,1.0,gaussian 0.25,paper,0.026587468398037096,0.025,3.8893184667950216,1.2367254537098729,False
calcification,C5,1.0,gaussian 0.25,paper,0.026587468398037096,0.05,2.6936367005958597,1.265506237460975,False
calcification,C5,1.0,gaussian 0.25,paper,0.026587468398037096,0.1,1.8829320175294224,1.298051049031697,False
calcification,C5,1.0,gaussian 0.5,paper,0.05317493679607419,1e-05,136.40718766623567,0.2651907998078299,False
calcification,C5,1.0,gaussian 0.5,paper,0.05317493679607419,0.0001,51.703367925660416,0.7644417675320481,False
calcification,C5,1.0,gaussian 0.5,paper,0.05317493679607419,0.001,17.70791532017337,0.9676158311617804,False
calcification,C5,1.0,gaussian 0.5,paper,0.05317493679607419,0.01,5.676111019555783,1.0913457883145206,False
calcification,C5,1.0,gaussian 0.5,paper,0.05317493679607419,0.025,3.6085940494862223,1.1510912727081086,False
calcification,C5,1.0,gaussian 0.5,paper,0.05317493679607419,0.05,2.6703854447317585,1.1879427073474582,False
calcification,C5,1.0,gaussian 0.5,paper,0.05317493679607419,0.1,1.9727172509113813,1.2183213095025767,False
calcification,C5,1.0,gaussian 1,paper,0.10634987359214838,1e-05,69.44464108164904,0.053069278265253865,False
calcification,C5,1.0,gaussian 1,paper,0.10634987359214838,0.0001,46.57580382486175,0.35437889184904375,False
calcification,C5,1.0,gaussian 1,paper,0.10634987359214838,0.001,16.823156234265983,0.8240198900982953,False
calcification,C5,1.0,gaussian 1,paper,0.10634987359214838,0.01,5.691247558100679,0.9820819739134428,False
calcification,C5,1.0,gaussian 1,paper,0.10634987359214838,0.025,3.5386776028191904,1.042681179160313,False
calcification,C5,1.0,gaussian 1,paper,0.10634987359214838,0.05,2.500938922548001,1.073916997013768,False
calcification,C5,1.0,gaussian 1,paper,0.10634987359214838,0.1,1.8248791138334743,1.1308330404170512,False
calcification,C5,1.0,gaussian 2,paper,0.21269974718429677,1e-05,29.370913479911298,0.009044792947943246,True
calcification,C5,1.0,gaussian 2,paper,0.21269974718429677,0.0001,27.08609736511243,0.08338342725646684,False
calcification,C5,1.0,gaussian 2,paper,0.21269974718429677,0.001,15.406772575099556,0.46835379835611834,False
calcification,C5,1.0,gaussian 2,paper,0.21269974718429677,0.01,5.3797094158575876,0.8768706899052326,False
calcification,C5,1.0,gaussian 2,paper,0.21269974718429677,0.025,3.6654848484434286,0.9386145264492328,False
calcification,C5,1.0,gaussian 2,paper,0.21269974718429677,0.05,2.5819385756643625,0.9687581906938475,False
calcification,C5,1.0,gaussian 2,paper,0.21269974718429677,0.1,1.7916665180235496,1.0182734324803489,False
calcification,C5,1.0,gaussian 4,paper,0.42539949436859353,1e-05,12.581052723369979,0.0016390884503746578,True
calcification,C5,1.0,gaussian 4,paper,0.42539949436859353,0.0001,12.392697650924319,0.01614389001778117,True
calcification,C5,1.0,gaussian 4,paper,0.42539949436859353,0.001,10.782789772437319,0.14030357229297125,False
calcification,C5,1.0,gaussian 4,paper,0.42539949436859353,0.01,4.977076107141246,0.6087163449959028,False
calcification,C5,1.0,gaussian 4,paper,0.42539949436859353,0.025,3.341490207991934,0.785480736135964,False
calcification,C5,1.0,gaussian 4,paper,0.42539949436859353,0.05,2.4889709787026044,0.8722436766628903,False
calcification,C5,1.0,gaussian 4,paper,0.42539949436859353,0.1,1.8714979599093502,0.9263921216677761,False
calcification,C5,1.0,gaussian 8,paper,0.8507989887371871,1e-05,6.53892325610686,0.0004379099730096743,True
calcification,C5,1.0,gaussian 8,paper,0.8507989887371871,0.0001,6.512648182778906,0.004361497487834175,True
calcification,C5,1.0,gaussian 8,paper,0.8507989887371871,0.001,6.261068957443356,0.04192957568771613,True
calcification,C5,1.0,gaussian 8,paper,0.8507989887371871,0.01,4.516819058983785,0.30243084686645094,False
calcification,C5,1.0,gaussian 8,paper,0.8507989887371871,0.025,3.1076215113142234,0.5162692945700688,False
calcification,C5,1.0,gaussian 8,paper,0.8507989887371871,0.05,2.2419800393472897,0.6754965492619639,False
calcification,C5,1.0,gaussian 8,paper,0.8507989887371871,0.1,1.6730092994919765,0.7987384876517799,False
calcification,C5,1.0,gaussian 16,paper,1.7015979774743741,1e-05,3.5556950705890693,0.00012918554737151243,True
calcification,C5,1.0,gaussian 16,paper,1.7015979774743741,0.0001,3.5514767718285265,0.0012903220637013979,True
calcification,C5,1.0,gaussian 16,paper,1.7015979774743741,0.001,3.509838329807535,0.012751858446031796,True
calcification,C5,1.0,gaussian 16,paper,1.7015979774743741,0.01,3.1415628909902598,0.11413055440963243,False
calcification,C5,1.0,gaussian 16,paper,1.7015979774743741,0.025,2.674103404587483,0.24283576803689272,False
calcification,C5,1.0,gaussian 16,paper,1.7015979774743741,0.05,2.1431129675811293,0.38910159161810587,False
calcification,C5,1.0,gaussian 16,paper,1.7015979774743741,0.1,1.5569901156368293,0.5567995986310381,False
calcification,C5,1.0,gaussian 32,paper,3.4031959549487483,1e-05,2.1979275492102417,5.0296747021782006e-05,True
calcification,C5,1.0,gaussian 32,paper,3.4031959549487483,0.0001,2.196895433578493,0.0005027284676792108,True
calcification,C5,1.0,gaussian 32,paper,3.4031959549487483,0.001,2.186628611689692,0.005003509069899359,True
calcification,C5,1.0,gaussian 32,paper,3.4031959549487483,0.01,2.089122392644245,0.04777591590956781,False
calcification,C5,1.0,gaussian 32,paper,3.4031959549487483,0.025,1.9450556744905554,0.11108316187544154,False
calcification,C5,1.0,gaussian 32,paper,3.4031959549487483,0.05,1.7457575968458228,0.1989768036723521,False
calcification,C5,1.0,gaussian 32,paper,3.4031959549487483,0.1,1.4609614680560192,0.32928691471031646,False
calcification,C5,1.0,gaussian 64,paper,6.8063919098974965,1e-05,1.7171144698105012,2.5775021238070418e-05,True
calcification,C5,1.0,gaussian 64,paper,6.8063919098974965,0.0001,1.7169646034845216,0.0002576878160394546,True
calcification,C5,1.0,gaussian 64,paper,6.8063919098974965,0.001,1.7154673875397233,0.0025706552157783577,True
calcification,C5,1.0,gaussian 64,paper,6.8063919098974965,0.01,1.7006385330282023,0.02510050769970868,True
calcification,C5,1.0,gaussian 64,paper,6.8063919098974965,0.025,1.6764888034498369,0.060379861277609664,False
calcification,C5,1.0,gaussian 64,paper,6.8063919098974965,0.05,1.637736231646975,0.1136095210937924,False
calcification,C5,1.0,gaussian 64,paper,6.8063919098974965,0.1,1.5653916718139547,0.20319180204151463,False
calcification,C5,1.0,gaussian 128,extended,13.612783819794993,1e-05,1.7448071926089492,1.7434006287235692e-05,True
calcification,C5,1.0,gaussian 128,extended,13.612783819794993,0.0001,1.7446504305582693,0.0001743243985288792,True
calcification,C5,1.0,gaussian 128,extended,13.612783819794993,0.001,1.7430843580277677,0.0017416790978226036,True
calcification,C5,1.0,gaussian 128,extended,13.612783819794993,0.01,1.7275769015213287,0.01726183383458095,True
calcification,C5,1.0,gaussian 128,extended,13.612783819794993,0.025,1.7023353870252926,0.04252402525984823,True
calcification,C5,1.0,gaussian 128,extended,13.612783819794993,0.05,1.6618664428422711,0.0830261413929346,False
calcification,C5,1.0,gaussian 128,extended,13.612783819794993,0.1,1.5864391717176847,0.1585153123313462,False
calcification,C5,1.0,gaussian 256,extended,27.225567639589986,1e-05,1.7462316313508146,1.7462015558567855e-05,True
calcification,C5,1.0,gaussian 256,extended,27.225567639589986,0.0001,1.7460744917346036,0.00017460444185262285,True
calcification,C5,1.0,gaussian 256,extended,27.225567639589986,0.001,1.7445046496514858,0.001744474599280627,True
calcification,C5,1.0,gaussian 256,extended,27.225567639589986,0.01,1.7289600996092493,0.017289302757265316,True
calcification,C5,1.0,gaussian 256,extended,27.225567639589986,0.025,1.7036591140192796,0.04259074150370678,True
calcification,C5,1.0,gaussian 256,extended,27.225567639589986,0.05,1.6630971677306667,0.08315341553089217,False
calcification,C5,1.0,gaussian 256,extended,27.225567639589986,0.1,1.587504288107954,0.15874765549855757,False
calcification,C5,1.0,gaussian 512,extended,54.45113527917997,1e-05,1.746262826660757,1.746261407465745e-05,True
calcification,C5,1.0,gaussian 512,extended,54.45113527917997,0.0001,1.7461056789768843,0.00017461042599082737,True
calcification,C5,1.0,gaussian 512,extended,54.45113527917997,0.001,1.7445357563435016,0.0017445343385376817,True
calcification,C5,1.0,gaussian 512,extended,54.45113527917997,0.01,1.7289904132689318,0.017289890079685045,True
calcification,C5,1.0,gaussian 512,extended,54.45113527917997,0.025,1.7036881547220053,0.04259216924451973,True
calcification,C5,1.0,gaussian 512,extended,54.45113527917997,0.05,1.6631242139412594,0.08315614308260459,False
calcification,C5,1.0,gaussian 512,extended,54.45113527917997,0.1,1.587527770709938,0.15875264793140217,False
calcification,C5,1.0,gaussian D-027,D-027,0.03208887830598762,1e-05,157.04989553872474,0.5961849743756918,False
calcification,C5,1.0,gaussian D-027,D-027,0.03208887830598762,0.0001,53.968828800654684,0.9257774858003721,False
calcification,C5,1.0,gaussian D-027,D-027,0.03208887830598762,0.001,17.331172374322595,1.048033498311662,False
calcification,C5,1.0,gaussian D-027,D-027,0.03208887830598762,0.01,5.747779020411485,1.1720122178007706,False
calcification,C5,1.0,gaussian D-027,D-027,0.03208887830598762,0.025,3.8769380817942016,1.2150717444112553,False
calcification,C5,1.0,gaussian D-027,D-027,0.03208887830598762,0.05,2.741608370150491,1.2439650250217065,False
calcification,C5,1.0,gaussian D-027,D-027,0.03208887830598762,0.1,1.9187347094758815,1.272760488852537,False
calcification,C5,1.0,gaussian D-027,D-027,0.03208887830598762,0.0,388.46051330764266,0.0,False
calcification,C5,0.5,linear,paper,,1e-05,4.949878884739003,3.472211895484382,False
calcification,C5,0.5,linear,paper,,0.0001,4.939353134204924,3.4722119424333666,False
calcification,C5,0.5,linear,paper,,0.001,4.836524107126233,3.4722164476018023,False
calcification,C5,0.5,linear,paper,,0.01,4.004424899897627,3.4725318214516903,False
calcification,C5,0.5,linear,paper,,0.025,3.1163714290405444,3.4734821302772314,False
calcification,C5,0.5,linear,paper,,0.05,2.287951578348223,3.475175402136916,False
calcification,C5,0.5,linear,paper,,0.1,1.6027164516168713,3.4782228927677057,False
calcification,C5,0.5,gaussian 0.25,paper,0.026587468398037096,1e-05,239.76113786791248,0.800942894211383,False
calcification,C5,0.5,gaussian 0.25,paper,0.026587468398037096,0.0001,73.90017639641901,1.3972964876166063,False
calcification,C5,0.5,gaussian 0.25,paper,0.026587468398037096,0.001,21.177220865212316,1.712072506453045,False
calcification,C5,0.5,gaussian 0.25,paper,0.026587468398037096,0.01,6.400747775569782,1.8696669300317783,False
calcification,C5,0.5,gaussian 0.25,paper,0.026587468398037096,0.025,4.254796055822909,1.904507155018915,False
calcification,C5,0.5,gaussian 0.25,paper,0.026587468398037096,0.05,3.2350822245173694,1.9227426289527612,False
calcification,C5,0.5,gaussian 0.25,paper,0.026587468398037096,0.1,2.454544925079805,1.9356578110831082,False
calcification,C5,0.5,gaussian 0.5,paper,0.05317493679607419,1e-05,144.7245326316898,0.2518577777341941,False
calcification,C5,0.5,gaussian 0.5,paper,0.05317493679607419,0.0001,77.20777719780983,0.7910256740153346,False
calcification,C5,0.5,gaussian 0.5,paper,0.05317493679607419,0.001,24.30911749507367,1.4161416249193646,False
calcification,C5,0.5,gaussian 0.5,paper,0.05317493679607419,0.01,6.696924148616171,1.7530266748200163,False
calcification,C5,0.5,gaussian 0.5,paper,0.05317493679607419,0.025,4.201924205145791,1.828042879841426,False
calcification,C5,0.5,gaussian 0.5,paper,0.05317493679607419,0.05,2.90731842063777,1.8686668644921498,False
calcification,C5,0.5,gaussian 0.5,paper,0.05317493679607419,0.1,2.0501168728395096,1.8982004398150694,False
calcification,C5,0.5,gaussian 1,paper,0.10634987359214838,1e-05,65.49882564769854,0.050105328947119804,False
calcification,C5,0.5,gaussian 1,paper,0.10634987359214838,0.0001,46.639728512171054,0.3344642191284013,False
calcification,C5,0.5,gaussian 1,paper,0.10634987359214838,0.001,25.232660473366607,0.8033082854750215,False
calcification,C5,0.5,gaussian 1,paper,0.10634987359214838,0.01,7.892605265094239,1.459283527466803,False
calcification,C5,0.5,gaussian 1,paper,0.10634987359214838,0.025,4.575514932711176,1.6347782914837024,False
calcification,C5,0.5,gaussian 1,paper,0.10634987359214838,0.05,3.0852855392018594,1.732039336443794,False
calcification,C5,0.5,gaussian 1,paper,0.10634987359214838,0.1,2.169320164162044,1.8036732306636463,False
calcification,C5,0.5,gaussian 2,paper,0.21269974718429677,1e-05,27.607510118521787,0.008508482340436812,True
calcification,C5,0.5,gaussian 2,paper,0.21269974718429677,0.0001,25.453711357342385,0.07843495631769497,False
calcification,C5,0.5,gaussian 2,paper,0.21269974718429677,0.001,16.334815399158387,0.4403130924718307,False
calcification,C5,0.5,gaussian 2,paper,0.21269974718429677,0.01,8.450318973145345,0.8929522961672948,False
calcification,C5,0.5,gaussian 2,paper,0.21269974718429677,0.025,5.438130032699935,1.1866865194321092,False
calcification,C5,0.5,gaussian 2,paper,0.21269974718429677,0.05,3.6913794821271986,1.3918042354120883,False
calcification,C5,0.5,gaussian 2,paper,0.21269974718429677,0.1,2.441193602373248,1.5588291460520036,False
calcification,C5,0.5,gaussian 4,paper,0.42539949436859353,1e-05,11.792825347865469,0.0015383798445397767,True
calcification,C5,0.5,gaussian 4,paper,0.42539949436859353,0.0001,11.615497915501765,0.01515166117546485,True
calcification,C5,0.5,gaussian 4,paper,0.42539949436859353,0.001,10.099679511730807,0.13165273904813862,False
calcification,C5,0.5,gaussian 4,paper,0.42539949436859353,0.01,6.311610762756006,0.5701199922829674,False
calcification,C5,0.5,gaussian 4,paper,0.42539949436859353,0.025,4.941434752822758,0.7349707616759251,False
calcification,C5,0.5,gaussian 4,paper,0.42539949436859353,0.05,3.847744343182992,0.8801671839327947,False
calcification,C5,0.5,gaussian 4,paper,0.42539949436859353,0.1,2.8009473960886715,1.110138694669076,False
calcification,C5,0.5,gaussian 8,paper,0.8507989887371871,1e-05,5.851161695309971,0.0003916228602338134,True
calcification,C5,0.5,gaussian 8,paper,0.8507989887371871,0.0001,5.827683477800444,0.003900489067574805,True
calcification,C5,0.5,gaussian 8,paper,0.8507989887371871,0.001,5.602894664445605,0.037497847036839387,True
calcification,C5,0.5,gaussian 8,paper,0.8507989887371871,0.01,4.0695777634874855,0.27048263096310193,False
calcification,C5,0.5,gaussian 8,paper,0.8507989887371871,0.025,3.579349257530774,0.46179184815011687,False
calcification,C5,0.5,gaussian 8,paper,0.8507989887371871,0.05,3.1239438741217294,0.6043877293626158,False
calcification,C5,0.5,gaussian 8,paper,0.8507989887371871,0.1,2.58841028394756,0.7194338396788482,False
calcification,C5,0.5,gaussian 16,paper,1.7015979774743741,1e-05,3.1580201719834555,0.00011462209382721621,True
calcification,C5,0.5,gaussian 16,paper,1.7015979774743741,0.0001,3.1543147143072043,0.0011448606944129821,True
calcification,C5,0.5,gaussian 16,paper,1.7015979774743741,0.001,3.1178383996952688,0.011314338070095558,True
calcification,C5,0.5,gaussian 16,paper,1.7015979774743741,0.01,2.973799098936776,0.10126741423540564,False
calcification,C5,0.5,gaussian 16,paper,1.7015979774743741,0.025,2.9415647148979622,0.21547840016725306,False
calcification,C5,0.5,gaussian 16,paper,1.7015979774743741,0.05,2.8908236926373103,0.34530824230592483,False
calcification,C5,0.5,gaussian 16,paper,1.7015979774743741,0.1,2.7968651261213204,0.49529171057602284,False
calcification,C5,0.5,gaussian 32,paper,3.4031959549487483,1e-05,3.615083930451544,4.746529708011775e-05,True
calcification,C5,0.5,gaussian 32,paper,3.4031959549487483,0.0001,3.6147883390825606,0.00047442711204230217,True
calcification,C5,0.5,gaussian 32,paper,3.4031959549487483,0.001,3.6118351532060706,0.004721803002953012,True
calcification,C5,0.5,gaussian 32,paper,3.4031959549487483,0.01,3.5825734801754563,0.045083062771997855,False
calcification,C5,0.5,gaussian 32,paper,3.4031959549487483,0.025,3.534870197214134,0.10481020577389376,False
calcification,C5,0.5,gaussian 32,paper,3.4031959549487483,0.05,3.458193687968587,0.18770413801379673,False
calcification,C5,0.5,gaussian 32,paper,3.4031959549487483,0.1,3.3146177850351832,0.3156468346217902,False
calcification,C5,0.5,gaussian 64,paper,6.8063919098974965,1e-05,3.7981812963530737,3.7707554019054344e-05,True
calcification,C5,0.5,gaussian 64,paper,6.8063919098974965,0.0001,3.7978444336486383,0.00037704205160287677,True
calcification,C5,0.5,gaussian 64,paper,6.8063919098974965,0.001,3.7944790966240736,0.0037670749319141986,True
calcification,C5,0.5,gaussian 64,paper,6.8063919098974965,0.01,3.761151509079931,0.03733943346754229,True
calcification,C5,0.5,gaussian 64,paper,6.8063919098974965,0.025,3.706890186527322,0.09200006570876212,False
calcification,C5,0.5,gaussian 64,paper,6.8063919098974965,0.05,3.619858346949985,0.17967444186392612,False
calcification,C5,0.5,gaussian 64,paper,6.8063919098974965,0.1,3.457524750813561,0.34321340087407437,False
calcification,C5,0.5,gaussian 128,extended,13.612783819794993,1e-05,3.825767356233091,3.822891371568618e-05,True
calcification,C5,0.5,gaussian 128,extended,13.612783819794993,0.0001,3.8254235902045415,0.0003822547842140813,True
calcification,C5,0.5,gaussian 128,extended,13.612783819794993,0.001,3.8219893249986305,0.0038191159408038555,True
calcification,C5,0.5,gaussian 128,extended,13.612783819794993,0.01,3.787982827217721,0.03785132869788471,True
calcification,C5,0.5,gaussian 128,extended,13.612783819794993,0.025,3.7326305785931106,0.09324547071193516,False
calcification,C5,0.5,gaussian 128,extended,13.612783819794993,0.05,3.6438865016195994,0.182056810187483,False
calcification,C5,0.5,gaussian 128,extended,13.612783819794993,0.1,3.478484097054848,0.34758489813485854,False
calcification,C5,0.5,gaussian 256,extended,27.225567639589986,1e-05,3.8286456931387503,3.828518391305561e-05,True
calcification,C5,0.5,gaussian 256,extended,27.225567639589986,0.0001,3.828301172417634,0.00038281738816279827,True
calcification,C5,0.5,gaussian 256,extended,27.225567639589986,0.001,3.8248593723335342,0.003824732191873539,True
calcification,C5,0.5,gaussian 256,extended,27.225567639589986,0.01,3.790778714389971,0.03790652626757359,True
calcification,C5,0.5,gaussian 256,extended,27.225567639589986,0.025,3.7353075105042297,0.09337958007371974,False
calcification,C5,0.5,gaussian 256,extended,27.225567639589986,0.05,3.646377267298161,0.18231279085067859,False
calcification,C5,0.5,gaussian 256,extended,27.225567639589986,0.1,3.4806429145770297,0.34805268008098417,False
calcification,C5,0.5,gaussian 512,extended,54.45113527917997,1e-05,3.8287730677075653,3.828770657885322e-05,True
calcification,C5,0.5,gaussian 512,extended,54.45113527917997,0.0001,3.828428513021359,0.00038284261034066076,True
calcification,C5,0.5,gaussian 512,extended,54.45113527917997,0.001,3.8249863738388434,0.0038249839662970447,True
calcification,C5,0.5,gaussian 512,extended,54.45113527917997,0.01,3.79090237940642,0.03790899992399728,True
calcification,C5,0.5,gaussian 512,extended,54.45113527917997,0.025,3.735425827531518,0.09338558684956831,False
calcification,C5,0.5,gaussian 512,extended,54.45113527917997,0.05,3.6464872243846456,0.1823242462281507,False
calcification,C5,0.5,gaussian 512,extended,54.45113527917997,0.1,3.4807379958891596,0.34807357964864155,False
calcification,C5,0.5,gaussian D-027,D-027,0.03208887830598762,1e-05,223.1285011138166,0.6203911468413819,False
calcification,C5,0.5,gaussian D-027,D-027,0.03208887830598762,0.0001,76.63339238503997,1.2636578536284808,False
calcification,C5,0.5,gaussian D-027,D-027,0.03208887830598762,0.001,21.924915833499558,1.6567185594586515,False
calcification,C5,0.5,gaussian D-027,D-027,0.03208887830598762,0.01,6.495462474092409,1.8469548025109854,False
calcification,C5,0.5,gaussian D-027,D-027,0.03208887830598762,0.025,4.027725362024604,1.8896617903257256,False
calcification,C5,0.5,gaussian D-027,D-027,0.03208887830598762,0.05,3.1015589041066405,1.9123086740416697,False
calcification,C5,0.5,gaussian D-027,D-027,0.03208887830598762,0.1,2.382106672211683,1.928471949700267,False
calcification,C5,0.5,gaussian D-027,D-027,0.03208887830598762,0.0,407.4002887123193,0.0,False
calcification,C5,0.2,linear,paper,,1e-05,4.902842223792564,1.64816389157652,False
calcification,C5,0.2,linear,paper,,0.0001,4.892373114537623,1.6481638933654192,False
calcification,C5,0.2,linear,paper,,0.001,4.790089955745884,1.648164062933293,False
calcification,C5,0.2,linear,paper,,0.01,3.961826702099632,1.6481762195694234,False
calcification,C5,0.2,linear,paper,,0.025,3.075577832245584,1.6482145231164154,False
calcification,C5,0.2,linear,paper,,0.05,2.2447022598226885,1.6482851726450989,False
calcification,C5,0.2,linear,paper,,0.1,1.6073275025449187,1.6484048782233378,False
calcification,C5,0.2,gaussian 0.25,paper,0.026587468398037096,1e-05,165.41430397371553,0.682197905080266,False
calcification,C5,0.2,gaussian 0.25,paper,0.026587468398037096,0.0001,52.814404409354964,0.9631913181874432,False
calcification,C5,0.2,gaussian 0.25,paper,0.026587468398037096,0.001,17.17386157272541,1.099190682222932,False
calcification,C5,0.2,gaussian 0.25,paper,0.026587468398037096,0.01,5.500195559632179,1.1553177015245677,False
calcification,C5,0.2,gaussian 0.25,paper,0.026587468398037096,0.025,3.4225410414150264,1.178624553373389,False
calcification,C5,0.2,gaussian 0.25,paper,0.026587468398037096,0.05,2.432621542917525,1.2055874176169643,False
calcification,C5,0.2,gaussian 0.25,paper,0.026587468398037096,0.1,1.6803647598900793,1.2290433844859754,False
calcification,C5,0.2,gaussian 0.5,paper,0.05317493679607419,1e-05,120.08560844604119,0.19401073315715314,False
calcification,C5,0.2,gaussian 0.5,paper,0.05317493679607419,0.0001,52.66854413490198,0.6774613435567836,False
calcification,C5,0.2,gaussian 0.5,paper,0.05317493679607419,0.001,17.023624318548034,0.9697464464423738,False
calcification,C5,0.2,gaussian 0.5,paper,0.05317493679607419,0.01,5.571752822354406,1.1076257047888998,False
calcification,C5,0.2,gaussian 0.5,paper,0.05317493679607419,0.025,3.4886176238047875,1.1346224422814455,False
calcification,C5,0.2,gaussian 0.5,paper,0.05317493679607419,0.05,2.473221972949413,1.1539540311717864,False
calcification,C5,0.2,gaussian 0.5,paper,0.05317493679607419,0.1,1.7358614285864067,1.17433423694016,False
calcification,C5,0.2,gaussian 1,paper,0.10634987359214838,1e-05,52.66507871437117,0.037864192667399516,True
calcification,C5,0.2,gaussian 1,paper,0.10634987359214838,0.0001,40.08112530723114,0.25475562216176406,False
calcification,C5,0.2,gaussian 1,paper,0.10634987359214838,0.001,16.928761319494015,0.7122645986813174,False
calcification,C5,0.2,gaussian 1,paper,0.10634987359214838,0.01,5.479775028295821,0.9840121783719018,False
calcification,C5,0.2,gaussian 1,paper,0.10634987359214838,0.025,3.531324950947994,1.055054060809219,False
calcification,C5,0.2,gaussian 1,paper,0.10634987359214838,0.05,2.560543774278168,1.091846734903072,False
calcification,C5,0.2,gaussian 1,paper,0.10634987359214838,0.1,1.7815128594146628,1.1211419504115756,False
calcification,C5,0.2,gaussian 2,paper,0.21269974718429677,1e-05,22.04525788312912,0.006374636498093685,True
calcification,C5,0.2,gaussian 2,paper,0.21269974718429677,0.0001,20.70852194890854,0.058858518015850035,False
calcification,C5,0.2,gaussian 2,paper,0.21269974718429677,0.001,13.715047299022702,0.3438851471777522,False
calcification,C5,0.2,gaussian 2,paper,0.21269974718429677,0.01,5.459971488690639,0.7674276557163858,False
calcification,C5,0.2,gaussian 2,paper,0.21269974718429677,0.025,3.56949347986254,0.8723720097832679,False
calcification,C5,0.2,gaussian 2,paper,0.21269974718429677,0.05,2.5259701629708755,0.9495801619120443,False
calcification,C5,0.2,gaussian 2,paper,0.21269974718429677,0.1,1.8104416088966553,1.0152972185781461,False
calcification,C5,0.2,gaussian 4,paper,0.42539949436859353,1e-05,9.674208556732884,0.0011675878918213467,True
calcification,C5,0.2,gaussian 4,paper,0.42539949436859353,0.0001,9.553561859038625,0.011516489267331401,True
calcification,C5,0.2,gaussian 4,paper,0.42539949436859353,0.001,8.514283540353508,0.10147039317897213,False
calcification,C5,0.2,gaussian 4,paper,0.42539949436859353,0.01,4.638319077914992,0.4741247643414151,False
calcification,C5,0.2,gaussian 4,paper,0.42539949436859353,0.025,3.281806173584138,0.6448468590262314,False
calcification,C5,0.2,gaussian 4,paper,0.42539949436859353,0.05,2.442003497612064,0.747611619537671,False
calcification,C5,0.2,gaussian 4,paper,0.42539949436859353,0.1,1.82535296931385,0.8337541268757577,False
calcification,C5,0.2,gaussian 8,paper,0.8507989887371871,1e-05,4.62291874948033,0.00027357356905442505,True
calcification,C5,0.2,gaussian 8,paper,0.8507989887371871,0.0001,4.6089635163940645,0.0027267532228647823,True
calcification,C5,0.2,gaussian 8,paper,0.8507989887371871,0.001,4.474851459795814,0.02640143537432951,True
calcification,C5,0.2,gaussian 8,paper,0.8507989887371871,0.01,3.53102084912397,0.20074825265476556,False
calcification,C5,0.2,gaussian 8,paper,0.8507989887371871,0.025,2.748937272290352,0.36074150432086155,False
calcification,C5,0.2,gaussian 8,paper,0.8507989887371871,0.05,2.161635626074965,0.4971437766938152,False
calcification,C5,0.2,gaussian 8,paper,0.8507989887371871,0.1,1.6485740546792313,0.6269499702816314,False
calcification,C5,0.2,gaussian 16,paper,1.7015979774743741,1e-05,2.4603467290433647,8.028494128274368e-05,True
calcification,C5,0.2,gaussian 16,paper,1.7015979774743741,0.0001,2.4582479644802238,0.0008020032958190067,True
calcification,C5,0.2,gaussian 16,paper,1.7015979774743741,0.001,2.437546779713891,0.00793645249499112,True
calcification,C5,0.2,gaussian 16,paper,1.7015979774743741,0.01,2.255903885078592,0.07192504235740499,False
calcification,C5,0.2,gaussian 16,paper,1.7015979774743741,0.025,2.0300276758082427,0.15591139207702287,False
calcification,C5,0.2,gaussian 16,paper,1.7015979774743741,0.05,1.7754960333660206,0.2566769608270051,False
calcification,C5,0.2,gaussian 16,paper,1.7015979774743741,0.1,1.4637348493797009,0.3838937381228995,False
calcification,C5,0.2,gaussian 32,paper,3.4031959549487483,1e-05,1.5501095738230508,3.3924623952716516e-05,True
calcification,C5,0.2,gaussian 32,paper,3.4031959549487483,0.0001,1.5495635993746664,0.0003390871834216201,True
calcification,C5,0.2,gaussian 32,paper,3.4031959549487483,0.001,1.544188506246104,0.0033750496394771303,True
calcification,C5,0.2,gaussian 32,paper,3.4031959549487483,0.01,1.509344927779352,0.032247507331810456,True
calcification,C5,0.2,gaussian 32,paper,3.4031959549487483,0.025,1.4876883679308905,0.0750635677581995,False
calcification,C5,0.2,gaussian 32,paper,3.4031959549487483,0.05,1.4550057052997647,0.13473438089782813,False
calcification,C5,0.2,gaussian 32,paper,3.4031959549487483,0.1,1.3945387863501164,0.22405230084966288,False
calcification,C5,0.2,gaussian 64,paper,6.8063919098974965,1e-05,1.6150234489509443,1.7326472718456132e-05,True
calcification,C5,0.2,gaussian 64,paper,6.8063919098974965,0.0001,1.6148837561968208,0.00017322419301953927,True
calcification,C5,0.2,gaussian 64,paper,6.8063919098974965,0.001,1.6134881968539823,0.001728199695462555,True
calcification,C5,0.2,gaussian 64,paper,6.8063919098974965,0.01,1.5996680590589436,0.01688869098415744,True
calcification,C5,0.2,gaussian 64,paper,6.8063919098974965,0.025,1.5771684133991009,0.04068747496042796,True
calcification,C5,0.2,gaussian 64,paper,6.8063919098974965,0.05,1.5410826614696447,0.0768329885436876,False
calcification,C5,0.2,gaussian 64,paper,6.8063919098974965,0.1,1.4737787618349258,0.14472565614985053,False
calcification,C5,0.2,gaussian 128,extended,13.612783819794993,1e-05,1.654472811433294,1.641653740287619e-05,True
calcification,C5,0.2,gaussian 128,extended,13.612783819794993,0.0001,1.654326586970361,0.00016415076942234095,True
calcification,C5,0.2,gaussian 128,extended,13.612783819794993,0.001,1.6528657766671058,0.001640048668589634,True
calcification,C5,0.2,gaussian 128,extended,13.612783819794993,0.01,1.6383996933334217,0.016256004991916415,True
calcification,C5,0.2,gaussian 128,extended,13.612783819794993,0.025,1.6148494885610205,0.04005201032524101,True
calcification,C5,0.2,gaussian 128,extended,13.612783819794993,0.05,1.5770822300310419,0.07821820148745566,False
calcification,C5,0.2,gaussian 128,extended,13.612783819794993,0.1,1.5066560690930235,0.1494041844220557,False
calcification,C5,0.2,gaussian 256,extended,27.225567639589986,1e-05,1.6713577156337625,1.667419633007012e-05,True
calcification,C5,0.2,gaussian 256,extended,27.225567639589986,0.0001,1.6712080772938886,0.00016672701815192384,True
calcification,C5,0.2,gaussian 256,extended,27.225567639589986,0.001,1.6697131685286968,0.0016657771402554446,True
calcification,C5,0.2,gaussian 256,extended,27.225567639589986,0.01,1.6549100894886772,0.016509926348777588,True
calcification,C5,0.2,gaussian 256,extended,27.225567639589986,0.025,1.6308139310896153,0.04067317572767054,True
calcification,C5,0.2,gaussian 256,extended,27.225567639589986,0.05,1.5921782387061918,0.07941705844373036,False
calcification,C5,0.2,gaussian 256,extended,27.225567639589986,0.1,1.5201574019902881,0.15164161190314498,False
calcification,C5,0.2,gaussian 512,extended,54.45113527917997,1e-05,1.6759102644904595,1.6752797743882883e-05,True
calcification,C5,0.2,gaussian 512,extended,54.45113527917997,0.0001,1.675759563950097,0.00016751291228183347,True
calcification,C5,0.2,gaussian 512,extended,54.45113527917997,0.001,1.674254047933424,0.00167362409608938,True
calcification,C5,0.2,gaussian 512,extended,54.45113527917997,0.01,1.6593463542512152,0.016587212540002522,True
calcification,C5,0.2,gaussian 512,extended,54.45113527917997,0.025,1.6350815573962711,0.040861609495232896,True
calcification,C5,0.2,gaussian 512,extended,54.45113527917997,0.05,1.5961798021039957,0.07977876967627089,False
calcification,C5,0.2,gaussian 512,extended,54.45113527917997,0.1,1.5236776055674215,0.1523097218052032,False
calcification,C5,0.2,gaussian D-027,D-027,0.03208887830598762,1e-05,159.04735513643908,0.5420091671094656,False
calcification,C5,0.2,gaussian D-027,D-027,0.03208887830598762,0.0001,53.45118138908167,0.906556167854374,False
calcification,C5,0.2,gaussian D-027,D-027,0.03208887830598762,0.001,17.113568261000864,1.0770583447530833,False
calcification,C5,0.2,gaussian D-027,D-027,0.03208887830598762,0.01,5.478539336093333,1.144101883170049,False
calcification,C5,0.2,gaussian D-027,D-027,0.03208887830598762,0.025,3.4609484760932707,1.167064913619781,False
calcification,C5,0.2,gaussian D-027,D-027,0.03208887830598762,0.05,2.434446515071395,1.1869385035354705,False
calcification,C5,0.2,gaussian D-027,D-027,0.03208887830598762,0.1,1.714388502186832,1.2147748514922767,False
calcification,C5,0.2,gaussian D-027,D-027,0.03208887830598762,0.0,347.5794838739618,0.0,False
calcification,C5,0.1,linear,paper,,1e-05,4.875391131460245,2.9346526343753774,False
calcification,C5,0.1,linear,paper,,0.0001,4.86520831048931,2.934652634942963,False
calcification,C5,0.1,linear,paper,,0.001,4.765803770354572,2.934652685512202,False
calcification,C5,0.1,linear,paper,,0.01,3.9701895699836007,2.934656606776041,False
calcification,C5,0.1,linear,paper,,0.025,3.176533024013151,2.9346708985107486,False
calcification,C5,0.1,linear,paper,,0.05,2.4983652489360813,2.9347044374120084,False
calcification,C5,0.1,linear,paper,,0.1,1.7933953927080097,2.9347899170702347,False
calcification,C5,0.1,gaussian 0.25,paper,0.026587468398037096,1e-05,150.38923911945182,0.5472105250969215,False
calcification,C5,0.1,gaussian 0.25,paper,0.026587468398037096,0.0001,54.42091530300907,0.8664655411751794,False
calcification,C5,0.1,gaussian 0.25,paper,0.026587468398037096,0.001,19.73268705155727,1.0947974285894204,False
calcification,C5,0.1,gaussian 0.25,paper,0.026587468398037096,0.01,7.361102349218635,1.2629517027650676,False
calcification,C5,0.1,gaussian 0.25,paper,0.026587468398037096,0.025,4.986274319146192,1.3427193100521573,False
calcification,C5,0.1,gaussian 0.25,paper,0.026587468398037096,0.05,3.6052559779021833,1.4308216035055645,False
calcification,C5,0.1,gaussian 0.25,paper,0.026587468398037096,0.1,2.5267788235940123,1.5154472355985062,False
calcification,C5,0.1,gaussian 0.5,paper,0.05317493679607419,1e-05,92.69140093545002,0.12925341309841856,False
calcification,C5,0.1,gaussian 0.5,paper,0.05317493679607419,0.0001,47.4251433484123,0.5174323515517771,False
calcification,C5,0.1,gaussian 0.5,paper,0.05317493679607419,0.001,17.08285997292969,0.8569555492943005,False
calcification,C5,0.1,gaussian 0.5,paper,0.05317493679607419,0.01,6.266769365750218,1.0810817422383787,False
calcification,C5,0.1,gaussian 0.5,paper,0.05317493679607419,0.025,4.345171428655763,1.1529788421176301,False
calcification,C5,0.1,gaussian 0.5,paper,0.05317493679607419,0.05,3.307027567915358,1.216349066546794,False
calcification,C5,0.1,gaussian 0.5,paper,0.05317493679607419,0.1,2.4659416309081648,1.274175458083831,False
calcification,C5,0.1,gaussian 1,paper,0.10634987359214838,1e-05,34.06351042906081,0.02036502321369427,True
calcification,C5,0.1,gaussian 1,paper,0.10634987359214838,0.0001,28.37887042633228,0.1449620884608267,False
calcification,C5,0.1,gaussian 1,paper,0.10634987359214838,0.001,15.037613523701667,0.49909070450776655,False
calcification,C5,0.1,gaussian 1,paper,0.10634987359214838,0.01,5.428115938551994,0.8546551152181759,False
calcification,C5,0.1,gaussian 1,paper,0.10634987359214838,0.025,3.7299084802785125,0.9672313018971223,False
calcification,C5,0.1,gaussian 1,paper,0.10634987359214838,0.05,2.7854308916349932,1.0335645421158572,False
calcification,C5,0.1,gaussian 1,paper,0.10634987359214838,0.1,2.0822575465864217,1.085332787127384,False
calcification,C5,0.1,gaussian 2,paper,0.21269974718429677,1e-05,12.341919949954088,0.0032998596417202378,True
calcification,C5,0.1,gaussian 2,paper,0.21269974718429677,0.0001,11.815320787090283,0.030450745804487332,True
calcification,C5,0.1,gaussian 2,paper,0.21269974718429677,0.001,9.121453179403968,0.18031754892308635,False
calcification,C5,0.1,gaussian 2,paper,0.21269974718429677,0.01,4.867625066782773,0.5063926775126918,False
calcification,C5,0.1,gaussian 2,paper,0.21269974718429677,0.025,3.3742604003598426,0.6645624703946369,False
calcification,C5,0.1,gaussian 2,paper,0.21269974718429677,0.05,2.445243983771108,0.7760564539701416,False
calcification,C5,0.1,gaussian 2,paper,0.21269974718429677,0.1,1.841215861731808,0.8786204984455281,False
calcification,C5,0.1,gaussian 4,paper,0.42539949436859353,1e-05,4.896961759447795,0.0005874697743720327,True
calcification,C5,0.1,gaussian 4,paper,0.42539949436859353,0.0001,4.8408145483108695,0.005790834561347463,True
calcification,C5,0.1,gaussian 4,paper,0.42539949436859353,0.001,4.470574806052755,0.05073560056318832,False
calcification,C5,0.1,gaussian 4,paper,0.42539949436859353,0.01,3.401690409944878,0.23636663049052675,False
calcification,C5,0.1,gaussian 4,paper,0.42539949436859353,0.025,2.7239236632769237,0.3542942157179697,False
calcification,C5,0.1,gaussian 4,paper,0.42539949436859353,0.05,2.188610505775658,0.4680533325209399,False
calcification,C5,0.1,gaussian 4,paper,0.42539949436859353,0.1,1.7030090371006081,0.6006012477450013,False
calcification,C5,0.1,gaussian 8,paper,0.8507989887371871,1e-05,2.3267966052288744,0.00012971488402963607,True
calcification,C5,0.1,gaussian 8,paper,0.8507989887371871,0.0001,2.323412844923351,0.0012928593763021248,True
calcification,C5,0.1,gaussian 8,paper,0.8507989887371871,0.001,2.2915614466875476,0.012515293835253603,True
calcification,C5,0.1,gaussian 8,paper,0.8507989887371871,0.01,2.0645992709109477,0.0951857487013944,False
calcification,C5,0.1,gaussian 8,paper,0.8507989887371871,0.025,1.8530149895622208,0.17258465714993282,False
calcification,C5,0.1,gaussian 8,paper,0.8507989887371871,0.05,1.6521473483444993,0.24947283103573678,False
calcification,C5,0.1,gaussian 8,paper,0.8507989887371871,0.1,1.4159153969797187,0.3515767309355436,False
calcification,C5,0.1,gaussian 16,paper,1.7015979774743741,1e-05,2.085198714779787,3.9353676419704585e-05,True
calcification,C5,0.1,gaussian 16,paper,1.7015979774743741,0.0001,2.085069131348164,0.0003931179939598267,True
calcification,C5,0.1,gaussian 16,paper,1.7015979774743741,0.001,2.0837757179145897,0.0038898066975949397,True
calcification,C5,0.1,gaussian 16,paper,1.7015979774743741,0.01,2.071058021916249,0.03521004702479979,True
calcification,C5,0.1,gaussian 16,paper,1.7015979774743741,0.025,2.0505691073636156,0.07614647325347187,False
calcification,C5,0.1,gaussian 16,paper,1.7015979774743741,0.05,2.0179282150520685,0.12495968782421947,False
calcification,C5,0.1,gaussian 16,paper,1.7015979774743741,0.1,1.9570596624208132,0.19007054445992544,False
calcification,C5,0.1,gaussian 32,paper,3.4031959549487483,1e-05,2.6026212864066305,2.419872005732922e-05,True
calcification,C5,0.1,gaussian 32,paper,3.4031959549487483,0.0001,2.602420984745187,0.00024196717780835481,True
calcification,C5,0.1,gaussian 32,paper,3.4031959549487483,0.001,2.6004198396618734,0.002417671902410265,True
calcification,C5,0.1,gaussian 32,paper,3.4031959549487483,0.01,2.580593503669398,0.023979055060408906,True
calcification,C5,0.1,gaussian 32,paper,3.4031959549487483,0.025,2.5482778910366655,0.05914591891868616,False
calcification,C5,0.1,gaussian 32,paper,3.4031959549487483,0.05,2.49634216336493,0.11572846931011366,False
calcification,C5,0.1,gaussian 32,paper,3.4031959549487483,0.1,2.3990849015517233,0.22191175588176204,False
calcification,C5,0.1,gaussian 64,paper,6.8063919098974965,1e-05,2.8441540642315353,2.776218490253798e-05,True
calcification,C5,0.1,gaussian 64,paper,6.8063919098974965,0.0001,2.8439117542561263,0.0002775977308284163,True
calcification,C5,0.1,gaussian 64,paper,6.8063919098974965,0.001,2.8414909976137404,0.0027735678256761557,True
calcification,C5,0.1,gaussian 64,paper,6.8063919098974965,0.01,2.8175154575977697,0.02749704417262993,True
calcification,C5,0.1,gaussian 64,paper,6.8063919098974965,0.025,2.7784712534794833,0.0677711146244962,False
calcification,C5,0.1,gaussian 64,paper,6.8063919098974965,0.05,2.7158223989991086,0.13242479133545246,False
calcification,C5,0.1,gaussian 64,paper,6.8063919098974965,0.1,2.598884341020323,0.25321305066169225,False
calcification,C5,0.1,gaussian 128,extended,13.612783819794993,1e-05,2.9373026206897377,2.9103448663472798e-05,True
calcification,C5,0.1,gaussian 128,extended,13.612783819794993,0.0001,2.937043610083523,0.00029100866976767176,True
calcification,C5,0.1,gaussian 128,extended,13.612783819794993,0.001,2.934456035542823,0.0029075075407677693,True
calcification,C5,0.1,gaussian 128,extended,13.612783819794993,0.01,2.90883095585305,0.028819664644740468,True
calcification,C5,0.1,gaussian 128,extended,13.612783819794993,0.025,2.8671108482624392,0.07100964148972289,False
calcification,C5,0.1,gaussian 128,extended,13.612783819794993,0.05,2.8001955411545576,0.13868502747735487,False
calcification,C5,0.1,gaussian 128,extended,13.612783819794993,0.1,2.675385367945216,0.26493432447890325,False
calcification,C5,0.1,gaussian 256,extended,27.225567639589986,1e-05,2.969142816952802,2.9621389086633196e-05,True
calcification,C5,0.1,gaussian 256,extended,27.225567639589986,0.0001,2.9688769199313123,0.0002961873454190524,True
calcification,C5,0.1,gaussian 256,extended,27.225567639589986,0.001,2.9662205691860617,0.0029592215258834793,True
calcification,C5,0.1,gaussian 256,extended,27.225567639589986,0.01,2.939916425916388,0.0293296130420771,True
calcification,C5,0.1,gaussian 256,extended,27.225567639589986,0.025,2.897098745360633,0.07225539058998645,False
calcification,C5,0.1,gaussian 256,extended,27.225567639589986,0.05,2.828444236797687,0.1410838941693709,False
calcification,C5,0.1,gaussian 256,extended,27.225567639589986,0.1,2.7004628371398542,0.2693918607114986,False
calcification,C5,0.1,gaussian 512,extended,54.45113527917997,1e-05,2.976384715066217,2.9753970799727226e-05,True
calcification,C5,0.1,gaussian 512,extended,54.45113527917997,0.0001,2.976117046100723,0.00029751294940452694,True
calcification,C5,0.1,gaussian 512,extended,54.45113527917997,0.001,2.9734430020299643,0.002972456279588294,True
calcification,C5,0.1,gaussian 512,extended,54.45113527917997,0.01,2.9469645045568873,0.029459860022954705,True
calcification,C5,0.1,gaussian 512,extended,54.45113527917997,0.025,2.90386633699971,0.07257253087759565,False
calcification,C5,0.1,gaussian 512,extended,54.45113527917997,0.05,2.834770776881454,0.14169136060768814,False
calcification,C5,0.1,gaussian 512,extended,54.45113527917997,0.1,2.705996262376001,0.2705093013500736,False
calcification,C5,0.1,gaussian D-027,D-027,0.03208887830598762,1e-05,138.24220216875372,0.41817608020348956,False
calcification,C5,0.1,gaussian D-027,D-027,0.03208887830598762,0.0001,53.375943838983545,0.7890759115237042,False
calcification,C5,0.1,gaussian D-027,D-027,0.03208887830598762,0.001,18.614577674215067,1.0403475078327087,False
calcification,C5,0.1,gaussian D-027,D-027,0.03208887830598762,0.01,7.121441488330026,1.2214540724171639,False
calcification,C5,0.1,gaussian D-027,D-027,0.03208887830598762,0.025,4.8129355919632575,1.2849359608666133,False
calcification,C5,0.1,gaussian D-027,D-027,0.03208887830598762,0.05,3.58809749900199,1.3509115747934495,False
calcification,C5,0.1,gaussian D-027,D-027,0.03208887830598762,0.1,2.5871587208518068,1.4434388494542458,False
calcification,C5,0.1,gaussian D-027,D-027,0.03208887830598762,0.0,268.7949283478583,0.0,False
calcification,C5,0.05,linear,paper,,1e-05,4.634122524635965,6.330530122406486,False
calcification,C5,0.05,linear,paper,,0.0001,4.625553868023457,6.330530129314988,False
calcification,C5,0.05,linear,paper,,0.001,4.542080675736979,6.330530783128295,False
calcification,C5,0.05,linear,paper,,0.01,3.8828145514939063,6.330576270522273,False
calcification,C5,0.05,linear,paper,,0.025,3.199175306075438,6.330711023584304,False
calcification,C5,0.05,linear,paper,,0.05,2.531705113167148,6.3309436641348835,False
calcification,C5,0.05,linear,paper,,0.1,1.8917205744314867,6.331342620209066,False
calcification,C5,0.05,gaussian 0.25,paper,0.026587468398037096,1e-05,82.2250434564474,0.23415534732115656,False
calcification,C5,0.05,gaussian 0.25,paper,0.026587468398037096,0.0001,40.917675824185764,0.4620894331975452,False
calcification,C5,0.05,gaussian 0.25,paper,0.026587468398037096,0.001,17.63870024115872,0.7567345209079058,False
calcification,C5,0.05,gaussian 0.25,paper,0.026587468398037096,0.01,7.14102303031172,1.0753861870160903,False
calcification,C5,0.05,gaussian 0.25,paper,0.026587468398037096,0.025,5.093573057211219,1.2109566166381505,False
calcification,C5,0.05,gaussian 0.25,paper,0.026587468398037096,0.05,3.818880314282073,1.3278793570389926,False
calcification,C5,0.05,gaussian 0.25,paper,0.026587468398037096,0.1,2.8486055309226526,1.4463978822214616,False
calcification,C5,0.05,gaussian 0.5,paper,0.05317493679607419,1e-05,39.146962851427155,0.04667767515228819,False
calcification,C5,0.05,gaussian 0.5,paper,0.05317493679607419,0.0001,24.490151952926485,0.2082486686283462,False
calcification,C5,0.05,gaussian 0.5,paper,0.05317493679607419,0.001,12.364335298636838,0.4328909879239795,False
calcification,C5,0.05,gaussian 0.5,paper,0.05317493679607419,0.01,5.450964953105113,0.7113083524163519,False
calcification,C5,0.05,gaussian 0.5,paper,0.05317493679607419,0.025,3.991414025392613,0.8501094369022376,False
calcification,C5,0.05,gaussian 0.5,paper,0.05317493679607419,0.05,3.18163226555926,0.9498633964407399,False
calcification,C5,0.05,gaussian 0.5,paper,0.05317493679607419,0.1,2.4689876479684845,1.0384490959773227,False
calcification,C5,0.05,gaussian 1,paper,0.10634987359214838,1e-05,12.40047510737441,0.006058091496296277,True
calcification,C5,0.05,gaussian 1,paper,0.10634987359214838,0.0001,11.2009833630299,0.04137194834184993,True
calcification,C5,0.05,gaussian 1,paper,0.10634987359214838,0.001,7.599392552796569,0.18638812583996575,False
calcification,C5,0.05,gaussian 1,paper,0.10634987359214838,0.01,3.8665458754474535,0.420447645064102,False
calcification,C5,0.05,gaussian 1,paper,0.10634987359214838,0.025,2.9317744285440694,0.5229119743127886,False
calcification,C5,0.05,gaussian 1,paper,0.10634987359214838,0.05,2.313272655491779,0.6070797739454779,False
calcification,C5,0.05,gaussian 1,paper,0.10634987359214838,0.1,1.7881972254891707,0.7028418456245742,False
calcification,C5,0.05,gaussian 2,paper,0.21269974718429677,1e-05,4.085861986657332,0.0009095064568493998,True
calcification,C5,0.05,gaussian 2,paper,0.21269974718429677,0.0001,4.024220370130624,0.008401011330476856,True
calcification,C5,0.05,gaussian 2,paper,0.21269974718429677,0.001,3.6508011158914706,0.048538714515054635,False
calcification,C5,0.05,gaussian 2,paper,0.21269974718429677,0.01,2.512482260994438,0.18670333871401057,False
calcification,C5,0.05,gaussian 2,paper,0.21269974718429677,0.025,1.9891293485551949,0.28269737475631596,False
calcification,C5,0.05,gaussian 2,paper,0.21269974718429677,0.05,1.6689080729512589,0.360219379564118,False
calcification,C5,0.05,gaussian 2,paper,0.21269974718429677,0.1,1.3928976784120104,0.4386715136506227,False
calcification,C5,0.05,gaussian 4,paper,0.42539949436859353,1e-05,2.148958718676345,0.00015070784075674293,True
calcification,C5,0.05,gaussian 4,paper,0.42539949436859353,0.0001,2.1483947810962682,0.0014852723289121648,True
calcification,C5,0.05,gaussian 4,paper,0.42539949436859353,0.001,2.143414953504243,0.012987255632097069,True
calcification,C5,0.05,gaussian 4,paper,0.42539949436859353,0.01,2.1161321310903665,0.06521432887194957,False
calcification,C5,0.05,gaussian 4,paper,0.42539949436859353,0.025,2.090697406435426,0.12162126271460388,False
calcification,C5,0.05,gaussian 4,paper,0.42539949436859353,0.05,2.060699348450978,0.18206463023241476,False
calcification,C5,0.05,gaussian 4,paper,0.42539949436859353,0.1,2.0162346422355357,0.25523326293054815,False
calcification,C5,0.05,gaussian 8,paper,0.8507989887371871,1e-05,3.2484809152836687,4.18993990603901e-05,True
calcification,C5,0.05,gaussian 8,paper,0.8507989887371871,0.0001,3.2482757801865687,0.0004176855167301467,True
calcification,C5,0.05,gaussian 8,paper,0.8507989887371871,0.001,3.2462523477304828,0.004051401670113339,True
calcification,C5,0.05,gaussian 8,paper,0.8507989887371871,0.01,3.227933031933841,0.03190274816597766,True
calcification,C5,0.05,gaussian 8,paper,0.8507989887371871,0.025,3.201294396908278,0.06567887159261843,False
calcification,C5,0.05,gaussian 8,paper,0.8507989887371871,0.05,3.161604959565631,0.1189029578068261,False
calcification,C5,0.05,gaussian 8,paper,0.8507989887371871,0.1,3.0911376941326862,0.2194481420449682,False
calcification,C5,0.05,gaussian 16,paper,1.7015979774743741,1e-05,4.688203658327547,3.9112771488739884e-05,True
calcification,C5,0.05,gaussian 16,paper,1.7015979774743741,0.0001,4.687913507606187,0.0003910817313273557,True
calcification,C5,0.05,gaussian 16,paper,1.7015979774743741,0.001,4.685016067250262,0.003906261872367765,True
calcification,C5,0.05,gaussian 16,paper,1.7015979774743741,0.01,4.656422647884824,0.038642885116656076,True
calcification,C5,0.05,gaussian 16,paper,1.7015979774743741,0.025,4.610114131302027,0.09510232914320615,False
calcification,C5,0.05,gaussian 16,paper,1.7015979774743741,0.05,4.5360374196217395,0.18591429122134917,False
calcification,C5,0.05,gaussian 16,paper,1.7015979774743741,0.1,4.3973751845720725,0.3572513440676299,False
calcification,C5,0.05,gaussian 32,paper,3.4031959549487483,1e-05,5.796379917531776,5.422296295015956e-05,True
calcification,C5,0.05,gaussian 32,paper,3.4031959549487483,0.0001,5.795924561046246,0.0005421849958726161,True
calcification,C5,0.05,gaussian 32,paper,3.4031959549487483,0.001,5.791375222187575,0.0054173911696910985,True
calcification,C5,0.05,gaussian 32,paper,3.4031959549487483,0.01,5.746299942377009,0.05373253735016275,False
calcification,C5,0.05,gaussian 32,paper,3.4031959549487483,0.025,5.672820311851562,0.13253616340825294,False
calcification,C5,0.05,gaussian 32,paper,3.4031959549487483,0.05,5.554704780353829,0.25931663970232405,False
calcification,C5,0.05,gaussian 32,paper,3.4031959549487483,0.1,5.33344359093762,0.49714981095561406,False
calcification,C5,0.05,gaussian 64,paper,6.8063919098974965,1e-05,6.236865112388694,6.131772835572452e-05,True
calcification,C5,0.05,gaussian 64,paper,6.8063919098974965,0.0001,6.236323199148687,0.0006131235672808113,True
calcification,C5,0.05,gaussian 64,paper,6.8063919098974965,0.001,6.2309093059211165,0.00612586926356873,True
calcification,C5,0.05,gaussian 64,paper,6.8063919098974965,0.01,6.177289182813468,0.060727218944734096,False
calcification,C5,0.05,gaussian 64,paper,6.8063919098974965,0.025,6.089968315344119,0.1496545112058291,False
calcification,C5,0.05,gaussian 64,paper,6.8063919098974965,0.05,5.9498554663388585,0.29236713830900196,False
calcification,C5,0.05,gaussian 64,paper,6.8063919098974965,0.1,5.688322381321137,0.558827035448945,False
calcification,C5,0.05,gaussian 128,extended,13.612783819794993,1e-05,6.351853461762738,6.326363408494795e-05,True
calcification,C5,0.05,gaussian 128,extended,13.612783819794993,0.0001,6.351286522824241,0.0006325797954389176,True
calcification,C5,0.05,gaussian 128,extended,13.612783819794993,0.001,6.3456227060214685,0.0063201489763228215,True
calcification,C5,0.05,gaussian 128,extended,13.612783819794993,0.01,6.289536310276038,0.06264210014971183,False
calcification,C5,0.05,gaussian 128,extended,13.612783819794993,0.025,6.198234461884826,0.15432875255706446,False
calcification,C5,0.05,gaussian 128,extended,13.612783819794993,0.05,6.051826999393724,0.3013567835788116,False
calcification,C5,0.05,gaussian 128,extended,13.612783819794993,0.1,5.778860585398236,0.5754919216934303,False
calcification,C5,0.05,gaussian 256,extended,27.225567639589986,1e-05,6.377553626883201,6.372436571383893e-05,True
calcification,C5,0.05,gaussian 256,extended,27.225567639589986,0.0001,6.376980630726896,0.000637186394671485,True
calcification,C5,0.05,gaussian 256,extended,27.225567639589986,0.001,6.371256328288456,0.00636614335618303,True
calcification,C5,0.05,gaussian 256,extended,27.225567639589986,0.01,6.314573625547594,0.06309497478285994,False
calcification,C5,0.05,gaussian 256,extended,27.225567639589986,0.025,6.222311448148438,0.15543238775721402,False
calcification,C5,0.05,gaussian 256,extended,27.225567639589986,0.05,6.074391227020931,0.3034736262135108,False
calcification,C5,0.05,gaussian 256,extended,27.225567639589986,0.1,5.798695662832285,0.5793960538626268,False
calcification,C5,0.05,gaussian 512,extended,54.45113527917997,1e-05,6.382611696894978,6.381999604660508e-05,True
calcification,C5,0.05,gaussian 512,extended,54.45113527917997,0.0001,6.382037429561095,0.0006381425390069148,True
calcification,C5,0.05,gaussian 512,extended,54.45113527917997,0.001,6.376300434733109,0.006375688922167014,True
calcification,C5,0.05,gaussian 512,extended,54.45113527917997,0.01,6.319492721873272,0.06318886429104642,False
calcification,C5,0.05,gaussian 512,extended,54.45113527917997,0.025,6.227029683755018,0.15566079738641614,False
calcification,C5,0.05,gaussian 512,extended,54.45113527917997,0.05,6.078794245915409,0.30391050568984757,False
calcification,C5,0.05,gaussian 512,extended,54.45113527917997,0.1,5.8025338557041986,0.5801975246355114,False
calcification,C5,0.05,gaussian D-027,D-027,0.03208887830598762,1e-05,69.59114193784093,0.17070247734375377,False
calcification,C5,0.05,gaussian D-027,D-027,0.03208887830598762,0.0001,36.714784732894046,0.3861445553700239,False
calcification,C5,0.05,gaussian D-027,D-027,0.03208887830598762,0.001,16.044457805407106,0.6603957720740666,False
calcification,C5,0.05,gaussian D-027,D-027,0.03208887830598762,0.01,6.785770343149397,0.9781153495271349,False
calcification,C5,0.05,gaussian D-027,D-027,0.03208887830598762,0.025,4.752004357467795,1.1049721013547997,False
calcification,C5,0.05,gaussian D-027,D-027,0.03208887830598762,0.05,3.6857631532090562,1.2156445442555806,False
calcification,C5,0.05,gaussian D-027,D-027,0.03208887830598762,0.1,2.7698629625056395,1.3422380170784969,False
calcification,C5,0.05,gaussian D-027,D-027,0.03208887830598762,0.0,114.10380065892431,0.0,False
calcification,C5,0.02,linear,paper,,1e-05,2.506216993112471,10.847052037827316,False
calcification,C5,0.02,linear,paper,,0.0001,2.502648788134296,10.847052042884549,False
calcification,C5,0.02,linear,paper,,0.001,2.467737599342233,10.847052512164948,False
calcification,C5,0.02,linear,paper,,0.01,2.1772785687833363,10.84708498571943,False
calcification,C5,0.02,linear,paper,,0.025,1.8370689533063953,10.847179808386157,False
calcification,C5,0.02,linear,paper,,0.05,1.469005042865525,10.847338529567367,False
calcification,C5,0.02,linear,paper,,0.1,1.2973965005615844,10.847594935868706,False
calcification,C5,0.02,gaussian 0.25,paper,0.026587468398037096,1e-05,13.926251173038462,0.019258866915189368,True
calcification,C5,0.02,gaussian 0.25,paper,0.026587468398037096,0.0001,9.27896370414949,0.06912099494692299,False
calcification,C5,0.02,gaussian 0.25,paper,0.026587468398037096,0.001,5.565936282064189,0.16306115644143657,False
calcification,C5,0.02,gaussian 0.25,paper,0.026587468398037096,0.01,2.9480340033349726,0.30844029331899026,False
calcification,C5,0.02,gaussian 0.25,paper,0.026587468398037096,0.025,2.1358303299031456,0.407696597239832,False
calcification,C5,0.02,gaussian 0.25,paper,0.026587468398037096,0.05,1.8821945037160444,0.4780384409565101,False
calcification,C5,0.02,gaussian 0.25,paper,0.026587468398037096,0.1,1.609569406167736,0.5387308427658503,False
calcification,C5,0.02,gaussian 0.5,paper,0.05317493679607419,1e-05,4.732759751704908,0.003236135077001877,True
calcification,C5,0.02,gaussian 0.5,paper,0.05317493679607419,0.0001,4.238528000333546,0.01749772873002228,True
calcification,C5,0.02,gaussian 0.5,paper,0.05317493679607419,0.001,2.9581800446552013,0.06512855554329107,False
calcification,C5,0.02,gaussian 0.5,paper,0.05317493679607419,0.01,1.9925880480585876,0.16083699712330637,False
calcification,C5,0.02,gaussian 0.5,paper,0.05317493679607419,0.025,1.6250648027941048,0.20963094367490942,False
calcification,C5,0.02,gaussian 0.5,paper,0.05317493679607419,0.05,1.40346280696701,0.273426151674033,False
calcification,C5,0.02,gaussian 0.5,paper,0.05317493679607419,0.1,1.304918601064761,0.348716990132235,False
calcification,C5,0.02,gaussian 1,paper,0.10634987359214838,1e-05,2.1735055812473476,0.00042672953875164354,True
calcification,C5,0.02,gaussian 1,paper,0.10634987359214838,0.0001,2.147924799794983,0.003158174455199302,True
calcification,C5,0.02,gaussian 1,paper,0.10634987359214838,0.001,2.0662651811927284,0.017464128385358543,True
calcification,C5,0.02,gaussian 1,paper,0.10634987359214838,0.01,1.9238467195983702,0.06931915921840737,False
calcification,C5,0.02,gaussian 1,paper,0.10634987359214838,0.025,1.8551217438116547,0.10656406195133548,False
calcification,C5,0.02,gaussian 1,paper,0.10634987359214838,0.05,1.7968966243376359,0.1411036869739109,False
calcification,C5,0.02,gaussian 1,paper,0.10634987359214838,0.1,1.7337927250076761,0.19419253507412707,False
calcification,C5,0.02,gaussian 2,paper,0.21269974718429677,1e-05,2.867346781943717,0.00016097580217569202,True
calcification,C5,0.02,gaussian 2,paper,0.21269974718429677,0.0001,2.86212093818059,0.0015296517920159966,True
calcification,C5,0.02,gaussian 2,paper,0.21269974718429677,0.001,2.8280029483042752,0.010934988961902892,True
calcification,C5,0.02,gaussian 2,paper,0.21269974718429677,0.01,2.726615826939549,0.05306513291937231,False
calcification,C5,0.02,gaussian 2,paper,0.21269974718429677,0.025,2.6588857649736934,0.0959010331146782,False
calcification,C5,0.02,gaussian 2,paper,0.21269974718429677,0.05,2.5936039640284685,0.14873887813329809,False
calcification,C5,0.02,gaussian 2,paper,0.21269974718429677,0.1,2.511910455007086,0.23137672454963354,False
calcification,C5,0.02,gaussian 4,paper,0.42539949436859353,1e-05,4.009470085054106,7.930212995959364e-05,True
calcification,C5,0.02,gaussian 4,paper,0.42539949436859353,0.0001,4.008446448068941,0.0007853382804634,True
calcification,C5,0.02,gaussian 4,paper,0.42539949436859353,0.001,3.999201246504513,0.007199044836574385,True
calcification,C5,0.02,gaussian 4,paper,0.42539949436859353,0.01,3.9448631779636223,0.04847794255902525,False
calcification,C5,0.02,gaussian 4,paper,0.42539949436859353,0.025,3.891562464165114,0.09812580724583868,False
calcification,C5,0.02,gaussian 4,paper,0.42539949436859353,0.05,3.827425991043119,0.1677037997243277,False
calcification,C5,0.02,gaussian 4,paper,0.42539949436859353,0.1,3.7315159736473205,0.28643152046392667,False
calcification,C5,0.02,gaussian 8,paper,0.8507989887371871,1e-05,5.85500319638098,5.509340909196854e-05,True
calcification,C5,0.02,gaussian 8,paper,0.8507989887371871,0.0001,5.854571587385426,0.0005502467671500704,True
calcification,C5,0.02,gaussian 8,paper,0.8507989887371871,0.001,5.850320053336722,0.005437023526564445,True
calcification,C5,0.02,gaussian 8,paper,0.8507989887371871,0.01,5.81227256908882,0.05001268972138284,False
calcification,C5,0.02,gaussian 8,paper,0.8507989887371871,0.025,5.7579480864017345,0.11638952840084016,False
calcification,C5,0.02,gaussian 8,paper,0.8507989887371871,0.05,5.678099911895529,0.21852990210811196,False
calcification,C5,0.02,gaussian 8,paper,0.8507989887371871,0.1,5.537822931079761,0.40641371108717667,False
calcification,C5,0.02,gaussian 16,paper,1.7015979774743741,1e-05,8.179026254777206,6.967466492714473e-05,True
calcification,C5,0.02,gaussian 16,paper,1.7015979774743741,0.0001,8.178493261265317,0.0006966623843369055,True
calcification,C5,0.02,gaussian 16,paper,1.7015979774743741,0.001,8.173171825377533,0.006958261143406689,True
calcification,C5,0.02,gaussian 16,paper,1.7015979774743741,0.01,8.120747821307232,0.06880176008410349,False
calcification,C5,0.02,gaussian 16,paper,1.7015979774743741,0.025,8.036122361118665,0.16915951094553017,False
calcification,C5,0.02,gaussian 16,paper,1.7015979774743741,0.05,7.901242560575327,0.3301864413137061,False
calcification,C5,0.02,gaussian 16,paper,1.7015979774743741,0.1,7.649775062952393,0.6330376353619114,False
calcification,C5,0.02,gaussian 32,paper,3.4031959549487483,1e-05,9.937989700142298,9.32601261211291e-05,True
calcification,C5,0.02,gaussian 32,paper,3.4031959549487483,0.0001,9.937202506738002,0.0009325234660419791,True
calcification,C5,0.02,gaussian 32,paper,3.4031959549487483,0.001,9.92933797671899,0.009317463479983813,True
calcification,C5,0.02,gaussian 32,paper,3.4031959549487483,0.01,9.851424841888651,0.09240571187317066,False
calcification,C5,0.02,gaussian 32,paper,3.4031959549487483,0.025,9.724448447305962,0.2278899319187171,False
calcification,C5,0.02,gaussian 32,paper,3.4031959549487483,0.05,9.520416939915648,0.44577603561115603,False
calcification,C5,0.02,gaussian 32,paper,3.4031959549487483,0.1,9.138428033357213,0.8542809744322487,False
calcification,C5,0.02,gaussian 64,paper,6.8063919098974965,1e-05,10.650248842930914,0.00010473591071802674,True
calcification,C5,0.02,gaussian 64,paper,6.8063919098974965,0.0001,10.649322166903794,0.0010472673036524278,True
calcification,C5,0.02,gaussian 64,paper,6.8063919098974965,0.001,10.640064366121894,0.010463501611706644,True
calcification,C5,0.02,gaussian 64,paper,6.8063919098974965,0.01,10.548373564872048,0.10372671377083456,False
calcification,C5,0.02,gaussian 64,paper,6.8063919098974965,0.025,10.399054336055036,0.255619329046983,False
calcification,C5,0.02,gaussian 64,paper,6.8063919098974965,0.05,10.15946045957605,0.49937546279758566,False
calcification,C5,0.02,gaussian 64,paper,6.8063919098974965,0.1,9.712235896371075,0.9544794656691287,False
calcification,C5,0.02,gaussian 128,extended,13.612783819794993,1e-05,10.834615853323744,0.00010793477293041076,True
calcification,C5,0.02,gaussian 128,extended,13.612783819794993,0.0001,10.833648253191022,0.001079251228091582,True
calcification,C5,0.02,gaussian 128,extended,13.612783819794993,0.001,10.823981764676924,0.010782871654569221,True
calcification,C5,0.02,gaussian 128,extended,13.612783819794993,0.01,10.728258795629953,0.10687405528831495,False
calcification,C5,0.02,gaussian 128,extended,13.612783819794993,0.025,10.572434212275944,0.26330004886606834,False
calcification,C5,0.02,gaussian 128,extended,13.612783819794993,0.05,10.322563193238935,0.5141406822304954,False
calcification,C5,0.02,gaussian 128,extended,13.612783819794993,0.1,9.856703810716226,0.981825270278687,False
calcification,C5,0.02,gaussian 256,extended,27.225567639589986,1e-05,10.874761885404013,0.00010866736159044339,True
calcification,C5,0.02,gaussian 256,extended,27.225567639589986,0.0001,10.873784699958504,0.0010865759570378344,True
calcification,C5,0.02,gaussian 256,extended,27.225567639589986,0.001,10.864022497546143,0.010856003330881851,True
calcification,C5,0.02,gaussian 256,extended,27.225567639589986,0.01,10.767356141435911,0.10759396120001131,False
calcification,C5,0.02,gaussian 256,extended,27.225567639589986,0.025,10.610013135365389,0.2650537443374469,False
calcification,C5,0.02,gaussian 256,extended,27.225567639589986,0.05,10.357752450826789,0.5175022536819261,False
calcification,C5,0.02,gaussian 256,extended,27.225567639589986,0.1,9.887589176965378,0.988017590791783,False
calcification,C5,0.02,gaussian 512,extended,54.45113527917997,1e-05,10.882614144642787,0.00010881669625888347,True
calcification,C5,0.02,gaussian 512,extended,54.45113527917997,0.0001,10.881634977310332,0.001088069054028522,True
calcification,C5,0.02,gaussian 512,extended,54.45113527917997,0.001,10.871852986426552,0.010870909365917735,True
calcification,C5,0.02,gaussian 512,extended,54.45113527917997,0.01,10.774991746234276,0.10774056213922757,False
calcification,C5,0.02,gaussian 512,extended,54.45113527917997,0.025,10.61733567415033,0.26541033296155125,False
calcification,C5,0.02,gaussian 512,extended,54.45113527917997,0.05,10.364583851710108,0.5181841325669813,False
calcification,C5,0.02,gaussian 512,extended,54.45113527917997,0.1,9.893541055154522,0.9892679382394128,False
calcification,C5,0.02,gaussian D-027,D-027,0.03208887830598762,1e-05,10.54644322803432,0.012885502092743006,True
calcification,C5,0.02,gaussian D-027,D-027,0.03208887830598762,0.0001,7.843132406255001,0.04833103774334418,False
calcification,C5,0.02,gaussian D-027,D-027,0.03208887830598762,0.001,4.675073502069924,0.13530877636614672,False
calcification,C5,0.02,gaussian D-027,D-027,0.03208887830598762,0.01,2.74029020131,0.253052837442978,False
calcification,C5,0.02,gaussian D-027,D-027,0.03208887830598762,0.025,1.9786620191076747,0.348969317340947,False
calcification,C5,0.02,gaussian D-027,D-027,0.03208887830598762,0.05,1.7030477881037496,0.42401435208545823,False
calcification,C5,0.02,gaussian D-027,D-027,0.03208887830598762,0.1,1.4846313565804705,0.4925959282144716,False
calcification,C5,0.02,gaussian D-027,D-027,0.03208887830598762,0.0,11.617177934517274,0.0,False
calcification,identity,,linear,paper,,1e-05,4.875675390650166,1.0000000000000013,False
calcification,identity,,linear,paper,,0.0001,4.865263688434618,1.0000000000000013,False
calcification,identity,,linear,paper,,0.001,4.7635412218638296,1.000000000000001,False
calcification,identity,,linear,paper,,0.01,3.9398096077444618,1.000000000000001,False
calcification,identity,,linear,paper,,0.025,3.0583668187162627,1.000000000000001,False
calcification,identity,,linear,paper,,0.05,2.2277035025142795,1.0000000000000016,False
calcification,identity,,linear,paper,,0.1,1.5675928586965935,1.0000000000000016,False
calcification,identity,,gaussian 0.25,paper,0.026587468398037096,1e-05,158.1034401532179,0.7452166816377221,False
calcification,identity,,gaussian 0.25,paper,0.026587468398037096,0.0001,49.99851034250827,0.9669410968141835,False
calcification,identity,,gaussian 0.25,paper,0.026587468398037096,0.001,15.810533353238476,0.9965927332293492,False
calcification,identity,,gaussian 0.25,paper,0.026587468398037096,0.01,4.999379489621004,0.9996582252569826,False
calcification,identity,,gaussian 0.25,paper,0.026587468398037096,0.025,3.162016042067657,0.9998632620626486,False
calcification,identity,,gaussian 0.25,paper,0.026587468398037096,0.05,2.236067681743545,0.999931626356689,False
calcification,identity,,gaussian 0.25,paper,0.026587468398037096,0.1,1.5807930094612042,0.999965812009566,False
calcification,identity,,gaussian 0.5,paper,0.05317493679607419,1e-05,141.36856502794382,0.2760596324478324,False
calcification,identity,,gaussian 0.5,paper,0.05317493679607419,0.0001,49.99085416932624,0.7922420018684558,False
calcification,identity,,gaussian 0.5,paper,0.05317493679607419,0.001,15.811330065470345,0.9744460702211163,False
calcification,identity,,gaussian 0.5,paper,0.05317493679607419,0.01,4.999831755691133,0.9973844532744899,False
calcification,identity,,gaussian 0.5,paper,0.05317493679607419,0.025,3.1621854166434105,0.998952136868807,False
calcification,identity,,gaussian 0.5,paper,0.05317493679607419,0.05,2.236063241344685,0.999475793786221,False
calcification,identity,,gaussian 0.5,paper,0.05317493679607419,0.1,1.5808857334949409,0.9997378281770612,False
calcification,identity,,gaussian 1,paper,0.10634987359214838,1e-05,72.31450368193069,0.055358430224568,False
calcification,identity,,gaussian 1,paper,0.10634987359214838,0.0001,48.266756723656165,0.36949322033725973,False
calcification,identity,,gaussian 1,paper,0.10634987359214838,0.001,15.811067429141337,0.8542328808392328,False
calcification,identity,,gaussian 1,paper,0.10634987359214838,0.01,4.999902869980873,0.9832222019213112,False
calcification,identity,,gaussian 1,paper,0.10634987359214838,0.025,3.1622754567625972,0.9932206350790772,False
calcification,identity,,gaussian 1,paper,0.10634987359214838,0.05,2.236049526602762,0.9965987885126156,False
calcification,identity,,gaussian 1,paper,0.10634987359214838,0.1,1.5811176904157327,0.9982964972697803,False
calcification,identity,,gaussian 2,paper,0.21269974718429677,1e-05,30.55084869844219,0.009422323746739443,True
calcification,identity,,gaussian 2,paper,0.21269974718429677,0.0001,28.16263178988186,0.08685763099537512,False
calcification,identity,,gaussian 2,paper,0.21269974718429677,0.001,15.806441343672871,0.48749351971857663,False
calcification,identity,,gaussian 2,paper,0.21269974718429677,0.01,4.999592986929861,0.9048701571239346,False
calcification,identity,,gaussian 2,paper,0.21269974718429677,0.025,3.162261820511097,0.9596446648334092,False
calcification,identity,,gaussian 2,paper,0.21269974718429677,0.05,2.2360583308216015,0.9794068098718185,False
calcification,identity,,gaussian 2,paper,0.21269974718429677,0.1,1.581047862453093,0.9895962820651735,False
calcification,identity,,gaussian 4,paper,0.42539949436859353,1e-05,13.0395915660022,0.001703210407774711,True
calcification,identity,,gaussian 4,paper,0.42539949436859353,0.0001,12.8427267728684,0.01677496246185162,True
calcification,identity,,gaussian 4,paper,0.42539949436859353,0.001,11.158131621076741,0.14574571459652416,False
calcification,identity,,gaussian 4,paper,0.42539949436859353,0.01,4.999203849607971,0.630466729622179,False
calcification,identity,,gaussian 4,paper,0.42539949436859353,0.025,3.162108542821893,0.81007696333311,False
calcification,identity,,gaussian 4,paper,0.42539949436859353,0.05,2.2358760430643745,0.8950746070392699,False
calcification,identity,,gaussian 4,paper,0.42539949436859353,0.1,1.581134777814617,0.9446325793343539,False
calcification,identity,,gaussian 8,paper,0.8507989887371871,1e-05,6.69506220111731,0.0004484396769121268,True
calcification,identity,,gaussian 8,paper,0.8507989887371871,0.0001,6.668149834500847,0.004466370688663919,True
calcification,identity,,gaussian 8,paper,0.8507989887371871,0.001,6.410466170653344,0.04293772473008775,True
calcification,identity,,gaussian 8,paper,0.8507989887371871,0.01,4.623689721977063,0.3096977836470715,False
calcification,identity,,gaussian 8,paper,0.8507989887371871,0.025,3.1614122029702107,0.5286580974750351,False
calcification,identity,,gaussian 8,paper,0.8507989887371871,0.05,2.232350300179867,0.6916629668180837,False
calcification,identity,,gaussian 8,paper,0.8507989887371871,0.1,1.5806656082178525,0.8177314044050514,False
calcification,identity,,gaussian 16,paper,1.7015979774743741,1e-05,3.633649502460011,0.0001320515246724472,True
calcification,identity,,gaussian 16,paper,1.7015979774743741,0.0001,3.6293361680891074,0.0013189477252017866,True
calcification,identity,,gaussian 16,paper,1.7015979774743741,0.001,3.586759434318444,0.013034747892287854,True
calcification,identity,,gaussian 16,paper,1.7015979774743741,0.01,3.21016608394865,0.11666158927827505,False
calcification,identity,,gaussian 16,paper,1.7015979774743741,0.025,2.732073950339992,0.24821775629159093,False
calcification,identity,,gaussian 16,paper,1.7015979774743741,0.05,2.188779911653303,0.3977154707829772,False
calcification,identity,,gaussian 16,paper,1.7015979774743741,0.1,1.580748747385897,0.569093608959173,False
calcification,identity,,gaussian 32,paper,3.4031959549487483,1e-05,2.3006105618544086,5.293089125240933e-05,True
calcification,identity,,gaussian 32,paper,3.4031959549487483,0.0001,2.2995151233900426,0.0005290568814537662,True
calcification,identity,,gaussian 32,paper,3.4031959549487483,0.001,2.2886178422240246,0.0052654970873227585,True
calcification,identity,,gaussian 32,paper,3.4031959549487483,0.01,2.1850685914873336,0.05027257977197379,False
calcification,identity,,gaussian 32,paper,3.4031959549487483,0.025,2.031849144207174,0.11686852598668646,False
calcification,identity,,gaussian 32,paper,3.4031959549487483,0.05,1.8192375350645311,0.20927893170494738,False
calcification,identity,,gaussian 32,paper,3.4031959549487483,0.1,1.504398602644643,0.34612185198643547,False
calcification,identity,,gaussian 64,paper,6.8063919098974965,1e-05,1.6450692980988222,2.7063262375643918e-05,True
calcification,identity,,gaussian 64,paper,6.8063919098974965,0.0001,1.6446687071921287,0.0002705667219927525,True
calcification,identity,,gaussian 64,paper,6.8063919098974965,0.001,1.6406735023296577,0.002699094653193562,True
calcification,identity,,gaussian 64,paper,6.8063919098974965,0.01,1.6017636958844839,0.026350835928675178,True
calcification,identity,,gaussian 64,paper,6.8063919098974965,0.025,1.540859299980062,0.06337222323628582,False
calcification,identity,,gaussian 64,paper,6.8063919098974965,0.05,1.4490309849269754,0.1191910449633859,False
calcification,identity,,gaussian 64,paper,6.8063919098974965,0.1,1.2947128119438982,0.21299499401781793,False
calcification,identity,,gaussian 128,extended,13.612783819794993,1e-05,1.274439104923408,1.624221413109969e-05,True
calcification,identity,,gaussian 128,extended,13.612783819794993,0.0001,1.2742528347368185,0.00016239840192442943,True
calcification,identity,,gaussian 128,extended,13.612783819794993,0.001,1.2723931232483014,0.0016216138917033351,True
calcification,identity,,gaussian 128,extended,13.612783819794993,0.01,1.2540902713983555,0.015982876427042124,True
calcification,identity,,gaussian 128,extended,13.612783819794993,0.025,1.224728250960639,0.03902167319658906,True
calcification,identity,,gaussian 128,extended,13.612783819794993,0.05,1.1787321502088757,0.07511233731349876,False
calcification,identity,,gaussian 128,extended,13.612783819794993,0.1,1.096380451883105,0.13972928168825632,False
calcification,identity,,gaussian 256,extended,27.225567639589986,1e-05,1.0826661838978522,1.1721798058109096e-05,True
calcification,identity,,gaussian 256,extended,27.225567639589986,0.0001,1.082551978796707,0.00011720561583604995,True
calcification,identity,,gaussian 256,extended,27.225567639589986,0.001,1.0814112515513152,0.0011708211170699593,True
calcification,identity,,gaussian 256,extended,27.225567639589986,0.01,1.0701348235060604,0.01158612366641697,True
calcification,identity,,gaussian 256,extended,27.225567639589986,0.025,1.0518544499025966,0.028470514807925642,True
calcification,identity,,gaussian 256,extended,27.225567639589986,0.05,1.0227366120447678,0.055364766219365515,False
calcification,identity,,gaussian 256,extended,27.225567639589986,0.1,0.969083529013877,0.10492062648196754,False
calcification,identity,,gaussian 512,extended,54.45113527917997,1e-05,1.0109565248404846,1.022043540847543e-05,True
calcification,identity,,gaussian 512,extended,54.45113527917997,0.0001,1.0108635416506764,0.00010219495379243554,True
calcification,identity,,gaussian 512,extended,54.45113527917997,0.001,1.0099346496270083,0.0010210104588743592,True
calcification,identity,,gaussian 512,extended,54.45113527917997,0.01,1.0007387668985679,0.010117137262117184,True
calcification,identity,,gaussian 512,extended,54.45113527917997,0.025,0.9857788765917072,0.02491474432304278,True
calcification,identity,,gaussian 512,extended,54.45113527917997,0.05,0.9618154895828086,0.04861817914327887,False
calcification,identity,,gaussian 512,extended,54.45113527917997,0.1,0.9172218341366275,0.09272808751608701,False
calcification,identity,,gaussian D-027,D-027,0.03208887830598762,1e-05,157.90703343511427,0.6207109653584855,False
calcification,identity,,gaussian D-027,D-027,0.03208887830598762,0.0001,49.99995237271955,0.942413289477978,False
calcification,identity,,gaussian D-027,D-027,0.03208887830598762,0.001,15.811374309985943,0.9939265541569245,False
calcification,identity,,gaussian D-027,D-027,0.03208887830598762,0.01,4.9995678967462975,0.9993893173625586,False
calcification,identity,,gaussian D-027,D-027,0.03208887830598762,0.025,3.1614903836841988,0.9997556374082278,False
calcification,identity,,gaussian D-027,D-027,0.03208887830598762,0.05,2.2360636927380666,0.9998778037740204,False
calcification,identity,,gaussian D-027,D-027,0.03208887830598762,0.1,1.581138244867126,0.9999388981538027,False
calcification,identity,,gaussian D-027,D-027,0.03208887830598762,0.0,404.53822554666584,0.0,False
